/*
+ RCategorie    ( [idCategorie], nomCategorie, hMaxCategorie, hMinCategorie, idAnnee#)
+ RTypeCours    ( [idTypeCours], nomCours, coefficient, idAnnee#)
+ RHeureCours   ( [idModule#, idTypeCours#], heure, idAnnee#)
+ RModule       ( [idModule], nomModule, nbSemainesModule, idSemestre#, idAnnee#)
+ RIntervenant  ( [idIntervenant], prenom, nomIntervenant, email, hMinIntervenant, hMaxIntervenant, idCategorie#, idAnnee#)
- RIntervention ( [(idIntervenant#, idModule#), idTypeCours#], nbSemainesIntervention, nbGroupe, idAnnee#)
+ RSemestre     ( [idSemestre], nbGTD, nbGTP, nbGCM, nbGAutre, idAnnee#)
+ RAnnee        ( [idAnnee], annee)
*/
INSERT INTO Annee (idAnnee, annee) VALUES (1, '2023-2024');

INSERT INTO Semestre (idSemestre, nbGTD, nbGTP, nbGCM, nbGAutre, idAnnee) VALUES
	( 1, 4, 8, 1, 1, 1),
	( 2, 4, 8, 1, 1, 1),
	( 3, 2, 4, 1, 0, 1),
	( 4, 2, 4, 1, 0, 1),
	( 5, 2, 4, 1, 0, 1),
	( 6, 2, 4, 1, 0, 1);


INSERT INTO Categorie (idCategorie ,nomCategorie, hMaxCategorie, hMinCategorie, ratioTp, idAnnee) VALUES
	( 1, 'Titulaire'   , 384, 192, 1,    1),
	( 2, 'Contractuel' , 384, 192, 1,    1),
	( 3, 'Vacataire'   ,   0,   0, 0.66, 1),
	( 4, 'Chercheur'   , 182, 172, 1,    1)
	;

INSERT INTO Module (idModule, nomModule,code,idAnnee,idSemestre) VALUES
	(  1, 'Initiation au développement'                                 , 'R1.01', 1, 1),
	(  2, 'Développement interfaces Web'                                , 'R1.02', 1, 1),
	(  3, 'Introduction Architecture'                                   , 'R1.03', 1, 1),
	(  4, 'Introduction Système'                                        , 'R1.04', 1, 1),
	(  5, 'Introduction Base de données'                                , 'R1.05', 1, 1),
	(  6, 'Mathématiques discrètes'                                     , 'R1.06', 1, 1),
	(  7, 'Outils mathématiques fondamentaux'                           , 'R1.07', 1, 1),
	(  8, 'Gestion de projet et des organisations'                      , 'R1.08', 1, 1),
	(  9, 'Économie durable et numérique'                               , 'R1.09', 1, 1),
	( 10, 'Anglais Technique'                                           , 'R1.10', 1, 1),
	( 11, 'Bases de la communication'                                   , 'R1.11', 1, 1),
	( 12, 'Projet Professionnel et Personnel'                           , 'R1.12', 1, 1),
	( 13, 'Développement orienté objets'                                , 'R2.01', 1, 2),
	( 14, 'Développement d applications avec IHM'                       , 'R2.02', 1, 2),
	( 15, 'Qualité de développement'                                    , 'R2.03', 1, 2),
	( 16, 'Communication et fonctionnement bas niveau'                  , 'R2.04', 1, 2),
	( 17, 'Introduction aux services réseaux'                           , 'R2.05', 1, 2),
	( 18, 'Exploitation d une base de données'                          , 'R2.06', 1, 2),
	( 19, 'Graphes'                                                     , 'R2.07', 1, 2),
	( 20, 'Outils numériques pour les statistiques'                     , 'R2.08', 1, 2),
	( 21, 'Méthodes Numériques'                                         , 'R2.09', 1, 2),
	( 22, 'Gestion de projet et des organisations'                      , 'R2.10', 1, 2),
	( 23, 'Droit'                                                       , 'R2.11', 1, 2),
	( 24, 'Anglais d entreprise'                                        , 'R2.12', 1, 2),
	( 25, 'Communication Technique'                                     , 'R2.13', 1, 2),
	( 26, 'Projet Professionnel et Personnel'                           , 'R2.14', 1, 2),
	( 27, 'Développement WEB'                                           , 'R3.01', 1, 3),
	( 28, 'Développement Efficace'                                      , 'R3.02', 1, 3),
	( 29, 'Analyse'                                                     , 'R3.03', 1, 3),
	( 30, 'Qualité de développement 3'                                  , 'R3.04', 1, 3),
	( 31, 'Programmation Système'                                       , 'R3.05', 1, 3),
	( 32, 'Architecture des réseaux'                                    , 'R3.06', 1, 3),
	( 33, 'SQL dans un langage de programmation'                        , 'R3.07', 1, 3),
	( 34, 'Probabilités'                                                , 'R3.08', 1, 3),
	( 35, 'Cryptographie et sécurité'                                   , 'R3.09', 1, 3),
	( 36, 'Management des systèmes d information'                       , 'R3.10', 1, 3),
	( 37, 'Droits des contrats et du numérique'                         , 'R3.11', 1, 3),
	( 38, 'Anglais 3'                                                   , 'R3.12', 1, 3),
	( 39, 'Communication professionnelle'                               , 'R3.13', 1, 3),
	( 40, 'PPP 3'                                                       , 'R3.14', 1, 3),
	( 41, 'Portfolio'                                                   , 'P3.01', 1, 3),
	( 42, 'Architecture logicielle'                                     , 'R4.01', 1, 4),
	( 43, 'Qualité de développement 4'                                  , 'R4.02', 1, 4),
	( 44, 'Qualité et au delà du relationnel'                           , 'R4.03', 1, 4),
	( 45, 'Méthodes d optimisation'                                     , 'R4.04', 1, 4),
	( 46, 'Anglais 4'                                                   , 'R4.05', 1, 4),
	( 47, 'Communication interne'                                       , 'R4.06', 1, 4),
	( 48, 'PPP 4'                                                       , 'R4.07', 1, 4),
	( 49, 'Virtualisation'                                              , 'R4.08', 1, 4),
	( 50, 'Management avancé des Systèmesd information'                 , 'R4.09', 1, 4),
	( 51, 'Complément web'                                              , 'R4.10', 1, 4),
	( 52, 'Développement mobile'                                        , 'R4.11', 1, 4),
	( 53, 'Automates'                                                   , 'R4.12', 1, 4),
	( 54, 'Stages'                                                      , 'S4.ST', 1, 4),
	( 55, 'Portfolio'                                                   , 'P1.02', 1, 4),
	( 56, 'Initiation au management d une équipe de projet informatique', 'R5.01', 1, 5),
	( 57, 'Projet Personnel et Professionnel'                           , 'R5.02', 1, 5),
	( 58, 'Politique de communication'                                  , 'R5.03', 1, 5),
	( 59, 'Qualité algorithmique'                                       , 'R5.04', 1, 5),
	( 60, 'Programmation avancée'                                       , 'R5.05', 1, 5),
	( 61, 'Programmation multimédia'                                    , 'R5.06', 1, 5),
	( 62, 'Automatisation de la chaîne de production'                   , 'R5.07', 1, 5),
	( 63, 'Qualité de développement'                                    , 'R5.08', 1, 5),
	( 64, 'Virtualisation avancée'                                      , 'R5.09', 1, 5),
	( 65, 'Nouveaux paradigmes de base de données'                      , 'R5.10', 1, 5),
	( 66, 'Méthodes d optimisation pour l aide à la décision'           , 'R5.11', 1, 5),
	( 67, 'Modélisations mathématiques'                                 , 'R5.12', 1, 5),
	( 68, 'Économie durable et numérique'                               , 'R5.13', 1, 5),
	( 69, 'Anglais'                                                     , 'R5.14', 1, 5),
	( 70, 'Initiation à l entrepreneuriat'                              , 'R6.01', 1, 6),
	( 71, 'Droit du numérique et de la propriété intellectuelle'        , 'R6.02', 1, 6),
	( 72, 'Communication : organisation et diffusion de l information'  , 'R6.03', 1, 6),
	( 73, 'Projet Personnel et Professionnel'                           , 'R6.04', 1, 6),
	( 74, 'Développement avancé'                                        , 'R6.05', 1, 6),
	( 75, 'Maintenance applicative'                                     , 'R6.06', 1, 6),
	( 76, 'Stage'                                                       , 'R6.01', 1, 6)
	;

INSERT INTO TypeCours (idTypeCours ,nomCours, coefficient) VALUES
	( 1, 'TD' , 1),
	( 2, 'TP' , 1),
	( 3, 'CM' , 1),
	( 4, 'Tut', 1),
	( 5, 'REH', 1),
	( 6, 'SAE', 1),
	( 7, 'HP' , 1)
	;

INSERT INTO HeureCours (idTypeCours,idModule,heure,nbSemaine,hParSemaine, idAnnee) VALUES
	(3,  1, 6, 0, 0, 1), (1,  1, 65, 0, 0, 1), (2,  1, 28, 0, 0, 1), (4,  1, 0, 0, 0, 1), (5,  1, 0, 0, 0, 1), (6,  1, 0, 0, 0, 1), (7,  1, 0, 0, 0, 1),
	(3,  2, 0, 0, 0, 1), (1,  2, 30, 0, 0, 1), (2,  2,  0, 0, 0, 1), (4,  2, 0, 0, 0, 1), (5,  2, 0, 0, 0, 1), (6,  2, 0, 0, 0, 1), (7,  2, 0, 0, 0, 1),
	(3,  3, 0, 0, 0, 1), (1,  3, 15, 0, 0, 1), (2,  3,  7, 0, 0, 1), (4,  3, 0, 0, 0, 1), (5,  3, 0, 0, 0, 1), (6,  3, 0, 0, 0, 1), (7,  3, 0, 0, 0, 1),
	(3,  4, 0, 0, 0, 1), (1,  4, 15, 0, 0, 1), (2,  4,  7, 0, 0, 1), (4,  4, 0, 0, 0, 1), (5,  4, 0, 0, 0, 1), (6,  4, 0, 0, 0, 1), (7,  4, 0, 0, 0, 1),
	(3,  5, 0, 0, 0, 1), (1,  5, 31, 0, 0, 1), (2,  5, 14, 0, 0, 1), (4,  5, 0, 0, 0, 1), (5,  5, 0, 0, 0, 1), (6,  5, 0, 0, 0, 1), (7,  5, 0, 0, 0, 1),
	(3,  6, 0, 0, 0, 1), (1,  6, 38, 0, 0, 1), (2,  6,  0, 0, 0, 1), (4,  6, 0, 0, 0, 1), (5,  6, 0, 0, 0, 1), (6,  6, 0, 0, 0, 1), (7,  6, 0, 0, 0, 1),
	(3,  7, 0, 0, 0, 1), (1,  7, 24, 0, 0, 1), (2,  7,  0, 0, 0, 1), (4,  7, 0, 0, 0, 1), (5,  7, 0, 0, 0, 1), (6,  7, 0, 0, 0, 1), (7,  7, 0, 0, 0, 1),
	(3,  8, 6, 0, 0, 1), (1,  8, 23, 0, 0, 1), (2,  8,  0, 0, 0, 1), (4,  8, 0, 0, 0, 1), (5,  8, 0, 0, 0, 1), (6,  8, 0, 0, 0, 1), (7,  8, 0, 0, 0, 1),
	(3,  9, 0, 0, 0, 1), (1,  9, 22, 0, 0, 1), (2,  9,  0, 0, 0, 1), (4,  9, 0, 0, 0, 1), (5,  9, 0, 0, 0, 1), (6,  9, 0, 0, 0, 1), (7,  9, 0, 0, 0, 1),
	(3, 10, 0, 0, 0, 1), (1, 10, 16, 0, 0, 1), (2, 10, 14, 0, 0, 1), (4, 10, 0, 0, 0, 1), (5, 10, 0, 0, 0, 1), (6, 10, 0, 0, 0, 1), (7, 10, 0, 0, 0, 1),
	(3, 11, 0, 0, 0, 1), (1, 11, 17, 0, 0, 1), (2, 11, 15, 0, 0, 1), (4, 11, 0, 0, 0, 1), (5, 11, 0, 0, 0, 1), (6, 11, 0, 0, 0, 1), (7, 11, 0, 0, 0, 1),
	(3, 12, 0, 0, 0, 1), (1, 12,  7, 0, 0, 1), (2, 12,  7, 0, 0, 1), (4, 12, 0, 0, 0, 1), (5, 12, 0, 0, 0, 1), (6, 12, 0, 0, 0, 1), (7, 12, 0, 0, 0, 1),
	(3, 13, 4, 0, 0, 1), (1, 13, 62, 0, 0, 1), (2, 13,  0, 0, 0, 1), (4, 13, 0, 0, 0, 1), (5, 13, 0, 0, 0, 1), (6, 13, 0, 0, 0, 1), (7, 13, 0, 0, 0, 1),
	(3, 14, 0, 0, 0, 1), (1, 14, 51, 0, 0, 1), (2, 14,  0, 0, 0, 1), (4, 14, 0, 0, 0, 1), (5, 14, 0, 0, 0, 1), (6, 14, 0, 0, 0, 1), (7, 14, 0, 0, 0, 1),
	(3, 15, 0, 0, 0, 1), (1, 15, 25, 0, 0, 1), (2, 15,  0, 0, 0, 1), (4, 15, 0, 0, 0, 1), (5, 15, 0, 0, 0, 1), (6, 15, 0, 0, 0, 1), (7, 15, 0, 0, 0, 1),
	(3, 16, 0, 0, 0, 1), (1, 16, 10, 0, 0, 1), (2, 16, 12, 0, 0, 1), (4, 16, 0, 0, 0, 1), (5, 16, 0, 0, 0, 1), (6, 16, 0, 0, 0, 1), (7, 16, 0, 0, 0, 1),
	(3, 17, 0, 0, 0, 1), (1, 17,  2, 0, 0, 1), (2, 17,  6, 0, 0, 1), (4, 17, 0, 0, 0, 1), (5, 17, 0, 0, 0, 1), (6, 17, 0, 0, 0, 1), (7, 17, 0, 0, 0, 1),
	(3, 18, 0, 0, 0, 1), (1, 18, 34, 0, 0, 1), (2, 18,  0, 0, 0, 1), (4, 18, 0, 0, 0, 1), (5, 18, 0, 0, 0, 1), (6, 18, 0, 0, 0, 1), (7, 18, 0, 0, 0, 1),
	(3, 19, 0, 0, 0, 1), (1, 19, 31, 0, 0, 1), (2, 19,  0, 0, 0, 1), (4, 19, 0, 0, 0, 1), (5, 19, 0, 0, 0, 1), (6, 19, 0, 0, 0, 1), (7, 19, 0, 0, 0, 1),
	(3, 20, 0, 0, 0, 1), (1, 20, 15, 0, 0, 1), (2, 20,  0, 0, 0, 1), (4, 20, 0, 0, 0, 1), (5, 20, 0, 0, 0, 1), (6, 20, 0, 0, 0, 1), (7, 20, 0, 0, 0, 1),
	(3, 21, 0, 0, 0, 1), (1, 21, 42, 0, 0, 1), (2, 21,  0, 0, 0, 1), (4, 21, 0, 0, 0, 1), (5, 21, 0, 0, 0, 1), (6, 21, 0, 0, 0, 1), (7, 21, 0, 0, 0, 1),
	(3, 22, 0, 0, 0, 1), (1, 22, 38, 0, 0, 1), (2, 22,  0, 0, 0, 1), (4, 22, 0, 0, 0, 1), (5, 22, 0, 0, 0, 1), (6, 22, 0, 0, 0, 1), (7, 22, 0, 0, 0, 1),
	(3, 23, 0, 0, 0, 1), (1, 23, 15, 0, 0, 1), (2, 23,  0, 0, 0, 1), (4, 23, 0, 0, 0, 1), (5, 23, 0, 0, 0, 1), (6, 23, 0, 0, 0, 1), (7, 23, 0, 0, 0, 1),
	(3, 24, 0, 0, 0, 1), (1, 24, 14, 0, 0, 1), (2, 24, 14, 0, 0, 1), (4, 24, 0, 0, 0, 1), (5, 24, 0, 0, 0, 1), (6, 24, 0, 0, 0, 1), (7, 24, 0, 0, 0, 1),
	(3, 25, 0, 0, 0, 1), (1, 25, 21, 0, 0, 1), (2, 25, 13, 0, 0, 1), (4, 25, 0, 0, 0, 1), (5, 25, 0, 0, 0, 1), (6, 25, 0, 0, 0, 1), (7, 25, 0, 0, 0, 1),
	(3, 26, 0, 0, 0, 1), (1, 26,  8, 0, 0, 1), (2, 26,  8, 0, 0, 1), (4, 26, 0, 0, 0, 1), (5, 26, 0, 0, 0, 1), (6, 26, 0, 0, 0, 1), (7, 26, 0, 0, 0, 1),
	(3, 27, 0, 0, 0, 1), (1, 27, 34, 0, 0, 1), (2, 27,  0, 0, 0, 1), (4, 27, 0, 0, 0, 1), (5, 27, 0, 0, 0, 1), (6, 27, 0, 0, 0, 1), (7, 27, 0, 0, 0, 1),
	(3, 28, 0, 0, 0, 1), (1, 28, 41, 0, 0, 1), (2, 28,  0, 0, 0, 1), (4, 28, 0, 0, 0, 1), (5, 28, 0, 0, 0, 1), (6, 28, 0, 0, 0, 1), (7, 28, 0, 0, 0, 1),
	(3, 29, 2, 0, 0, 1), (1, 29, 10, 0, 0, 1), (2, 29,  0, 0, 0, 1), (4, 29, 0, 0, 0, 1), (5, 29, 0, 0, 0, 1), (6, 29, 0, 0, 0, 1), (7, 29, 0, 0, 0, 1),
	(3, 30, 0, 0, 0, 1), (1, 30, 42, 0, 0, 1), (2, 30,  0, 0, 0, 1), (4, 30, 0, 0, 0, 1), (5, 30, 0, 0, 0, 1), (6, 30, 0, 0, 0, 1), (7, 30, 0, 0, 0, 1),
	(3, 31, 7, 0, 0, 1), (1, 31, 21, 0, 0, 1), (2, 31,  0, 0, 0, 1), (4, 31, 0, 0, 0, 1), (5, 31, 0, 0, 0, 1), (6, 31, 0, 0, 0, 1), (7, 31, 0, 0, 0, 1),
	(3, 32, 0, 0, 0, 1), (1, 32, 19, 0, 0, 1), (2, 32,  0, 0, 0, 1), (4, 32, 0, 0, 0, 1), (5, 32, 0, 0, 0, 1), (6, 32, 0, 0, 0, 1), (7, 32, 0, 0, 0, 1),
	(3, 33, 3, 0, 0, 1), (1, 33, 32, 0, 0, 1), (2, 33,  0, 0, 0, 1), (4, 33, 0, 0, 0, 1), (5, 33, 0, 0, 0, 1), (6, 33, 0, 0, 0, 1), (7, 33, 0, 0, 0, 1),
	(3, 34, 0, 0, 0, 1), (1, 34, 34, 0, 0, 1), (2, 34,  0, 0, 0, 1), (4, 34, 0, 0, 0, 1), (5, 34, 0, 0, 0, 1), (6, 34, 0, 0, 0, 1), (7, 34, 0, 0, 0, 1),
	(3, 35, 0, 0, 0, 1), (1, 35, 22, 0, 0, 1), (2, 35,  0, 0, 0, 1), (4, 35, 0, 0, 0, 1), (5, 35, 0, 0, 0, 1), (6, 35, 0, 0, 0, 1), (7, 35, 0, 0, 0, 1),
	(3, 36, 0, 0, 0, 1), (1, 36, 32, 0, 0, 1), (2, 36,  0, 0, 0, 1), (4, 36, 0, 0, 0, 1), (5, 36, 0, 0, 0, 1), (6, 36, 0, 0, 0, 1), (7, 36, 0, 0, 0, 1),
	(3, 37, 7, 0, 0, 1), (1, 37, 17, 0, 0, 1), (2, 37,  0, 0, 0, 1), (4, 37, 0, 0, 0, 1), (5, 37, 0, 0, 0, 1), (6, 37, 0, 0, 0, 1), (7, 37, 0, 0, 0, 1),
	(3, 38, 0, 0, 0, 1), (1, 38, 20, 0, 0, 1), (2, 38, 13, 0, 0, 1), (4, 38, 0, 0, 0, 1), (5, 38, 0, 0, 0, 1), (6, 38, 0, 0, 0, 1), (7, 38, 0, 0, 0, 1),
	(3, 39, 0, 0, 0, 1), (1, 39, 20, 0, 0, 1), (2, 39, 13, 0, 0, 1), (4, 39, 0, 0, 0, 1), (5, 39, 0, 0, 0, 1), (6, 39, 0, 0, 0, 1), (7, 39, 0, 0, 0, 1),
	(3, 40, 0, 0, 0, 1), (1, 40, 16, 0, 0, 1), (2, 40,  0, 0, 0, 1), (4, 40, 0, 0, 0, 1), (5, 40, 0, 0, 0, 1), (6, 40, 0, 0, 0, 1), (7, 40, 0, 0, 0, 1),
	(3, 41, 0, 0, 0, 1), (1, 41,  0, 0, 0, 1), (2, 41,  0, 0, 0, 1), (4, 41, 0, 0, 0, 1), (5, 41, 0, 0, 0, 1), (6, 41, 0, 0, 0, 1), (7, 41, 0, 0, 0, 1),
	(3, 42, 7, 0, 0, 1), (1, 42, 29, 0, 0, 1), (2, 42,  0, 0, 0, 1), (4, 42, 0, 0, 0, 1), (5, 42, 0, 0, 0, 1), (6, 42, 0, 0, 0, 1), (7, 42, 0, 0, 0, 1),
	(3, 43, 0, 0, 0, 1), (1, 43, 18, 0, 0, 1), (2, 43,  0, 0, 0, 1), (4, 43, 0, 0, 0, 1), (5, 43, 0, 0, 0, 1), (6, 43, 0, 0, 0, 1), (7, 43, 0, 0, 0, 1),
	(3, 44, 0, 0, 0, 1), (1, 44, 20, 0, 0, 1), (2, 44,  0, 0, 0, 1), (4, 44, 0, 0, 0, 1), (5, 44, 0, 0, 0, 1), (6, 44, 0, 0, 0, 1), (7, 44, 0, 0, 0, 1),
	(3, 45, 0, 0, 0, 1), (1, 45, 15, 0, 0, 1), (2, 45,  0, 0, 0, 1), (4, 45, 0, 0, 0, 1), (5, 45, 0, 0, 0, 1), (6, 45, 0, 0, 0, 1), (7, 45, 0, 0, 0, 1),
	(3, 46, 0, 0, 0, 1), (1, 46,  9, 0, 0, 1), (2, 46,  9, 0, 0, 1), (4, 46, 0, 0, 0, 1), (5, 46, 0, 0, 0, 1), (6, 46, 0, 0, 0, 1), (7, 46, 0, 0, 0, 1),
	(3, 47, 0, 0, 0, 1), (1, 47, 11, 0, 0, 1), (2, 47,  9, 0, 0, 1), (4, 47, 0, 0, 0, 1), (5, 47, 0, 0, 0, 1), (6, 47, 0, 0, 0, 1), (7, 47, 0, 0, 0, 1),
	(3, 48, 0, 0, 0, 1), (1, 48, 10, 0, 0, 1), (2, 48,  0, 0, 0, 1), (4, 48, 0, 0, 0, 1), (5, 48, 0, 0, 0, 1), (6, 48, 0, 0, 0, 1), (7, 48, 0, 0, 0, 1),
	(3, 49, 0, 0, 0, 1), (1, 49, 24, 0, 0, 1), (2, 49,  0, 0, 0, 1), (4, 49, 0, 0, 0, 1), (5, 49, 0, 0, 0, 1), (6, 49, 0, 0, 0, 1), (7, 49, 0, 0, 0, 1),
	(3, 50, 0, 0, 0, 1), (1, 50, 11, 0, 0, 1), (2, 50,  0, 0, 0, 1), (4, 50, 0, 0, 0, 1), (5, 50, 0, 0, 0, 1), (6, 50, 0, 0, 0, 1), (7, 50, 0, 0, 0, 1),
	(3, 51, 5, 0, 0, 1), (1, 51, 20, 0, 0, 1), (2, 51,  0, 0, 0, 1), (4, 51, 0, 0, 0, 1), (5, 51, 0, 0, 0, 1), (6, 51, 0, 0, 0, 1), (7, 51, 0, 0, 0, 1),
	(3, 52, 8, 0, 0, 1), (1, 52, 22, 0, 0, 1), (2, 52,  0, 0, 0, 1), (4, 52, 0, 0, 0, 1), (5, 52, 0, 0, 0, 1), (6, 52, 0, 0, 0, 1), (7, 52, 0, 0, 0, 1),
	(3, 53, 0, 0, 0, 1), (1, 53, 15, 0, 0, 1), (2, 53,  0, 0, 0, 1), (4, 53, 0, 0, 0, 1), (5, 53, 0, 0, 0, 1), (6, 53, 0, 0, 0, 1), (7, 53, 0, 0, 0, 1),
	(3, 54, 0, 0, 0, 1), (1, 54,  0, 0, 0, 1), (2, 54,  0, 0, 0, 1), (4, 54, 0, 0, 0, 1), (5, 54, 0, 0, 0, 1), (6, 54, 0, 0, 0, 1), (7, 54, 0, 0, 0, 1),
	(3, 55, 0, 0, 0, 1), (1, 55,  0, 0, 0, 1), (2, 55,  0, 0, 0, 1), (4, 55, 0, 0, 0, 1), (5, 55, 0, 0, 0, 1), (6, 55, 0, 0, 0, 1), (7, 55, 0, 0, 0, 1),
	(3, 56, 0, 0, 0, 1), (1, 56, 13, 0, 0, 1), (2, 56,  0, 0, 0, 1), (4, 56, 0, 0, 0, 1), (5, 56, 0, 0, 0, 1), (6, 56, 0, 0, 0, 1), (7, 56, 0, 0, 0, 1),
	(3, 57, 0, 0, 0, 1), (1, 57, 10, 0, 0, 1), (2, 57,  0, 0, 0, 1), (4, 57, 0, 0, 0, 1), (5, 57, 0, 0, 0, 1), (6, 57, 0, 0, 0, 1), (7, 57, 0, 0, 0, 1),
	(3, 58, 0, 0, 0, 1), (1, 58, 15, 0, 0, 1), (2, 58, 15, 0, 0, 1), (4, 58, 0, 0, 0, 1), (5, 58, 0, 0, 0, 1), (6, 58, 0, 0, 0, 1), (7, 58, 0, 0, 0, 1),
	(3, 59, 0, 0, 0, 1), (1, 59, 15, 0, 0, 1), (2, 59,  0, 0, 0, 1), (4, 59, 0, 0, 0, 1), (5, 59, 0, 0, 0, 1), (6, 59, 0, 0, 0, 1), (7, 59, 0, 0, 0, 1),
	(3, 60, 0, 0, 0, 1), (1, 60, 36, 0, 0, 1), (2, 60,  0, 0, 0, 1), (4, 60, 0, 0, 0, 1), (5, 60, 0, 0, 0, 1), (6, 60, 0, 0, 0, 1), (7, 60, 0, 0, 0, 1),
	(3, 61, 0, 0, 0, 1), (1, 61, 15, 0, 0, 1), (2, 61,  0, 0, 0, 1), (4, 61, 0, 0, 0, 1), (5, 61, 0, 0, 0, 1), (6, 61, 0, 0, 0, 1), (7, 61, 0, 0, 0, 1),
	(3, 62, 0, 0, 0, 1), (1, 62, 15, 0, 0, 1), (2, 62,  0, 0, 0, 1), (4, 62, 0, 0, 0, 1), (5, 62, 0, 0, 0, 1), (6, 62, 0, 0, 0, 1), (7, 62, 0, 0, 0, 1),
	(3, 63, 0, 0, 0, 1), (1, 63, 22, 0, 0, 1), (2, 63,  0, 0, 0, 1), (4, 63, 0, 0, 0, 1), (5, 63, 0, 0, 0, 1), (6, 63, 0, 0, 0, 1), (7, 63, 0, 0, 0, 1),
	(3, 64, 0, 0, 0, 1), (1, 64, 20, 0, 0, 1), (2, 64,  0, 0, 0, 1), (4, 64, 0, 0, 0, 1), (5, 64, 0, 0, 0, 1), (6, 64, 0, 0, 0, 1), (7, 64, 0, 0, 0, 1),
	(3, 65, 0, 0, 0, 1), (1, 65, 35, 0, 0, 1), (2, 65,  0, 0, 0, 1), (4, 65, 0, 0, 0, 1), (5, 65, 0, 0, 0, 1), (6, 65, 0, 0, 0, 1), (7, 65, 0, 0, 0, 1),
	(3, 66, 0, 0, 0, 1), (1, 66, 12, 0, 0, 1), (2, 66,  0, 0, 0, 1), (4, 66, 0, 0, 0, 1), (5, 66, 0, 0, 0, 1), (6, 66, 0, 0, 0, 1), (7, 66, 0, 0, 0, 1),
	(3, 67, 0, 0, 0, 1), (1, 67, 35, 0, 0, 1), (2, 67,  0, 0, 0, 1), (4, 67, 0, 0, 0, 1), (5, 67, 0, 0, 0, 1), (6, 67, 0, 0, 0, 1), (7, 67, 0, 0, 0, 1),
	(3, 68, 0, 0, 0, 1), (1, 68, 15, 0, 0, 1), (2, 68,  0, 0, 0, 1), (4, 68, 0, 0, 0, 1), (5, 68, 0, 0, 0, 1), (6, 68, 0, 0, 0, 1), (7, 68, 0, 0, 0, 1),
	(3, 69, 0, 0, 0, 1), (1, 69, 15, 0, 0, 1), (2, 69, 10, 0, 0, 1), (4, 69, 0, 0, 0, 1), (5, 69, 0, 0, 0, 1), (6, 69, 0, 0, 0, 1), (7, 69, 0, 0, 0, 1),
	(3, 70, 0, 0, 0, 1), (1, 70, 12, 0, 0, 1), (2, 70,  0, 0, 0, 1), (4, 70, 0, 0, 0, 1), (5, 70, 0, 0, 0, 1), (6, 70, 0, 0, 0, 1), (7, 70, 0, 0, 0, 1),
	(3, 71, 0, 0, 0, 1), (1, 71, 12, 0, 0, 1), (2, 71,  0, 0, 0, 1), (4, 71, 0, 0, 0, 1), (5, 71, 0, 0, 0, 1), (6, 71, 0, 0, 0, 1), (7, 71, 0, 0, 0, 1),
	(3, 72, 0, 0, 0, 1), (1, 72, 10, 0, 0, 1), (2, 72,  0, 0, 0, 1), (4, 72, 0, 0, 0, 1), (5, 72, 0, 0, 0, 1), (6, 72, 0, 0, 0, 1), (7, 72, 0, 0, 0, 1),
	(3, 73, 0, 0, 0, 1), (1, 73, 10, 0, 0, 1), (2, 73,  0, 0, 0, 1), (4, 73, 0, 0, 0, 1), (5, 73, 0, 0, 0, 1), (6, 73, 0, 0, 0, 1), (7, 73, 0, 0, 0, 1),
	(3, 74, 0, 0, 0, 1), (1, 74, 24, 0, 0, 1), (2, 74,  0, 0, 0, 1), (4, 74, 0, 0, 0, 1), (5, 74, 0, 0, 0, 1), (6, 74, 0, 0, 0, 1), (7, 74, 0, 0, 0, 1),
	(3, 75, 0, 0, 0, 1), (1, 75, 18, 0, 0, 1), (2, 75,  0, 0, 0, 1), (4, 75, 0, 0, 0, 1), (5, 75, 0, 0, 0, 1), (6, 75, 0, 0, 0, 1), (7, 75, 0, 0, 0, 1),
	(3, 76, 0, 0, 0, 1), (1, 76,  0, 0, 0, 1), (2, 76,  0, 0, 0, 1), (4, 76, 0, 0, 0, 1), (5, 76, 0, 0, 0, 1), (6, 76, 0, 0, 0, 1), (7, 76, 0, 0, 0, 1)
	;


INSERT INTO Intervenant (idIntervenant ,prenom, nom, email, hMinIntervenant, hMaxIntervenant, idAnnee,  idCategorie) VALUES
	( 1, 'Philippe' , 'Lepivert'  , 'philippe.le-pivert@univ-lehavre.fr'     , 0, 0, 1, 1),
	( 2, 'Hadhoum'  , 'Boukachour', 'hadhoum.boukachour@univ-lehavre.fr'     , 0, 0, 1, 1),
	( 3, 'Frédéric' , 'Serin'     , 'frederic.serin@univ-lehavre.fr'         , 0, 0, 1, 1),
	( 4, 'Hugues'   , 'Duflo'     , 'hugues.duflo@univ-lehavre.fr'           , 0, 0, 1, 1),
	( 5, 'Jaouad'   , 'Boukachour', 'jaouad.boukachour@univ-lehavre.fr'      , 0, 0, 1, 1),
	( 6, 'Laurence' , 'Nivet'     , 'laurence.nivet@univ-lehavre.fr'         , 0, 0, 1, 1),
	( 7, 'Quentin'  , 'Griette'   , 'quentin.griette@univ-lehavre.fr'        , 0, 0, 1, 1),
	( 8, 'Quentin'  , 'Laffeach'  , 'quentin.laffeach@univ-lehavre.fr'       , 0, 0, 1, 1),
	( 9, 'Rodolphe' , 'Charrier'  , 'Rodolphe.Charrier@univ-lehavre.fr'      , 0, 0, 1, 1),
	(10, 'Bruno'    , 'Legrix'    , 'bruno.legrix@univ-lehavre.fr'           , 0, 0, 1, 1),
	(11, 'Alabboud' , 'Hassan'    , 'alabboudhassan@gmail.com'               , 0, 0, 1, 1),
	(12, 'Zahour'   , 'Abderrazak', 'zahoura@univ-lehavre.fr'                , 0, 0, 1, 1),
	(13, 'Jean'     , 'Foubert'   , 'jean.foubert@univ-lehavre.fr'           , 0, 0, 1, 1),
	(14, 'Frederic' , 'Guinand'   , 'frederic.guinand@univ-lehavre.fr'       , 0, 0, 1, 1),
	(15, 'Tiphaine' , 'Dubocage'  , 'dubocage.iut@gmail.com'                 , 0, 0, 1, 1),
	(16, 'Thomas'   , 'Colignon'  , 'colignon.iut@gmail.com'                 , 0, 0, 1, 1),
	(17, 'Steeve'   , 'Pytel'     , 'steeve.pytel@ac-normandie.fr'           , 0, 0, 1, 1),
	(18, 'Dalila'   , 'Boudebous' , 'dalila.boudebous@univ-lehavre.fr'       , 0, 0, 1, 1),
	(19, 'Bruno'    , 'Sadeg'     , 'bruno.sadeg@univ-lehavre.fr'            , 0, 0, 1, 1),
	(20, 'Pascal'   , 'Rembert'   , 'rembertp@univ-lehavre.fr'               , 0, 0, 1, 1),
	(21, 'Sébastien', 'Bertin'    , 'sebastien.d.bertin@gmail.com'           , 0, 0, 1, 1),
	(22, 'Isabelle' , 'Delarue'   , 'isabelle.delarue2@orange.fr'            , 0, 0, 1, 1),
	(23, 'Benjamin' , 'Boquet'    , 'boquet.iut@gmail.com'                   , 0, 0, 1, 1),
	(24, 'Jan-Luis' , 'Jiménéz'   , 'juan-luis.jimenez@univ-lehavre.fr'      , 0, 0, 1, 1),
	(25, 'Jean-Yves', 'Colin'     , 'jean-yves.colin@univ-lehavre.fr'        , 0, 0, 1, 1),
	(26, 'Emmanuel' , 'Keith'     , 'emmanuel.keith@ac-rouen.fr'             , 0, 0, 1, 1),
	(27, 'Mouhaned' , 'Gaied'     , 'mouhaned.gaied@univ-lehavre.fr'         , 0, 0, 1, 1),
	(28, 'Salim'    , 'Khraimeche', 'salimkhr@gmail.com'                     , 0, 0, 1, 1),
	(29, 'Florian'  , 'Perroud'   , 'perroud.iut@gmail.com'                  , 0, 0, 1, 1),
	(30, 'Claude'   , 'Duvallet'  , 'claude.duvallet@guinand@univ-lehavre.fr', 0, 0, 1, 1)
	;

INSERT INTO Intervention (idIntervenant, idModule, idTypeCours, nbSemainesIntervention, nbGroupe, idAnnee) VALUES
	(1, 1, 1, 13, 2, 1),
	(1, 1, 2, 13, 4, 1),
	(1, 1, 3,  4, 1, 1)
	;

