/*
+ RCategorie    ( [idCategorie], nomCategorie, hMaxCategorie, hMinCategorie, idAnnee#)
+ RTypeCours    ( [idTypeCours], nomCours, coefficient, idAnnee#)
+ RHeureCours   ( [idModule#, idTypeCours#], heure, idAnnee#)
+ RModule       ( [idModule], nomModule, nbSemainesModule, idSemestre#, idAnnee#)
+ RIntervenant  ( [idIntervenant], prenom, nomIntervenant, email, hMinIntervenant, hMaxIntervenant, idCategorie#, idAnnee#)
- RIntervention ( [(idIntervenant#, idModule#), idTypeCours#], nbSemainesIntervention, nbGroupe, idAnnee#)
+ RSemestre     ( [idSemestre], nbGTD, nbGTP, nbGCM, nbGAutre, idAnnee#)
+ RAnnee        ( [idAnnee], annee)
*/
INSERT INTO Annee (idAnnee, annee) VALUES (1, '2023-2024');

INSERT INTO Semestre (idSemestre, nbGTD, nbGTP, nbGCM, nbSemaine, idAnnee) VALUES
	( 1, 4, 8, 1, 1, 1),
	( 2, 4, 8, 1, 1, 1),
	( 3, 2, 4, 1, 0, 1),
	( 4, 2, 4, 1, 0, 1),
	( 5, 2, 4, 1, 0, 1),
	( 6, 2, 4, 1, 0, 1);


INSERT INTO Categorie (idCategorie ,nomCategorie, hMaxCategorie, hMinCategorie, ratioTp, idAnnee) VALUES
	( 1, 'Titulaire'   , 384, 192, 1,    1),
	( 2, 'Contractuel' , 384, 192, 1,    1),
	( 3, 'Vacataire'   ,   0,   0, 0.66, 1),
	( 4, 'Chercheur'   , 182, 172, 1,    1)
	;

INSERT INTO TypeModule (idTypeModule, nomTypeModule) VALUES
	(1, 'PPP'),
	(2, 'SAE'),
	(3, 'normal'),
	(4, 'stage')
	;

INSERT INTO Module (idModule, code, nomModule, idSemestre,idAnnee, idTypeModule ) VALUES
	(  1, 'R1.01', 'Initiation au développement'                                 , 1, 1, 3),
	(  2, 'R1.02', 'Développement interfaces Web'                                , 1, 1, 3),
	(  3, 'R1.03', 'Introduction Architecture'                                   , 1, 1, 3),
	(  4, 'R1.04', 'Introduction Système'                                        , 1, 1, 3),
	(  5, 'R1.05', 'Introduction Base de données'                                , 1, 1, 3),
	(  6, 'R1.06', 'Mathématiques discrètes'                                     , 1, 1, 3),
	(  7, 'R1.07', 'Outils mathématiques fondamentaux'                           , 1, 1, 3),
	(  8, 'R1.08', 'Gestion de projet et des organisations'                      , 1, 1, 3),
	(  9, 'R1.09', 'Économie durable et numérique'                               , 1, 1, 3),
	( 10, 'R1.10', 'Anglais Technique'                                           , 1, 1, 3),
	( 11, 'R1.11', 'Bases de la communication'                                   , 1, 1, 3),
	( 12, 'R1.12', 'Projet Professionnel et Personnel'                           , 1, 1, 1),
	( 13, 'R2.01', 'Développement orienté objets'                                , 2, 1, 3),
	( 14, 'R2.02', 'Développement d applications avec IHM'                       , 2, 1, 3),
	( 15, 'R2.03', 'Qualité de développement'                                    , 2, 1, 3),
	( 16, 'R2.04', 'Communication et fonctionnement bas niveau'                  , 2, 1, 3),
	( 17, 'R2.05', 'Introduction aux services réseaux'                           , 2, 1, 3),
	( 18, 'R2.06', 'Exploitation d une base de données'                          , 2, 1, 3),
	( 19, 'R2.07', 'Graphes'                                                     , 2, 1, 3),
	( 20, 'R2.08', 'Outils numériques pour les statistiques'                     , 2, 1, 3),
	( 21, 'R2.09', 'Méthodes Numériques'                                         , 2, 1, 3),
	( 22, 'R2.10', 'Gestion de projet et des organisations'                      , 2, 1, 3),
	( 23, 'R2.11', 'Droit'                                                       , 2, 1, 3),
	( 24, 'R2.12', 'Anglais d entreprise'                                        , 2, 1, 3),
	( 25, 'R2.13', 'Communication Technique'                                     , 2, 1, 3),
	( 26, 'R2.14', 'Projet Professionnel et Personnel'                           , 2, 1, 1),
	( 27, 'R3.01', 'Développement WEB'                                           , 3, 1, 3),
	( 28, 'R3.02', 'Développement Efficace, 3'                                   , 1, 1, 3),
	( 29, 'R3.03', 'Analyse'                                                     , 3, 1, 3),
	( 30, 'R3.04', 'Qualité de développement 3'                                  , 3, 1, 3),
	( 31, 'R3.05', 'Programmation Système'                                       , 3, 1, 3),
	( 32, 'R3.06', 'Architecture des réseaux'                                    , 3, 1, 3),
	( 33, 'R3.07', 'SQL dans un langage de programmation'                        , 3, 1, 3),
	( 34, 'R3.08', 'Probabilités'                                                , 3, 1, 3),
	( 35, 'R3.09', 'Cryptographie et sécurité'                                   , 3, 1, 3),
	( 36, 'R3.10', 'Management des systèmes d information'                       , 3, 1, 3),
	( 37, 'R3.11', 'Droits des contrats et du numérique'                         , 3, 1, 3),
	( 38, 'R3.12', 'Anglais 3'                                                   , 3, 1, 3),
	( 39, 'R3.13', 'Communication professionnelle'                               , 3, 1, 3),
	( 40, 'R3.14', 'PPP 3'                                                       , 3, 1, 1),
	( 41, 'R4.01', 'Architecture logicielle'                                     , 4, 1, 3),
	( 42, 'R4.02', 'Qualité de développement 4'                                  , 4, 1, 3),
	( 43, 'R4.03', 'Qualité et au delà du relationnel'                           , 4, 1, 3),
	( 44, 'R4.04', 'Méthodes d optimisation'                                     , 4, 1, 3),
	( 45, 'R4.05', 'Anglais 4'                                                   , 4, 1, 3),
	( 46, 'R4.06', 'Communication interne'                                       , 4, 1, 3),
	( 47, 'R4.07', 'PPP 4'                                                       , 4, 1, 1),
	( 48, 'R4.08', 'Virtualisation'                                              , 4, 1, 3),
	( 49, 'R4.09', 'Management avancé des Systèmesd information'                 , 4, 1, 3),
	( 50, 'R4.10', 'Complément web'                                              , 4, 1, 3),
	( 51, 'R4.11', 'Développement mobile'                                        , 4, 1, 3),
	( 52, 'R4.12', 'Automates'                                                   , 4, 1, 3),
	( 53, 'S4.ST', 'Stages'                                                      , 4, 1, 4),
	( 54, 'R5.01', 'Initiation au management d une équipe de projet informatique', 5, 1, 3),
	( 55, 'R5.02', 'Projet Personnel et Professionnel'                           , 5, 1, 1),
	( 56, 'R5.03', 'Politique de communication'                                  , 5, 1, 3),
	( 57, 'R5.04', 'Qualité algorithmique'                                       , 5, 1, 3),
	( 58, 'R5.05', 'Programmation avancée'                                       , 5, 1, 3),
	( 59, 'R5.06', 'Programmation multimédia'                                    , 5, 1, 3),
	( 60, 'R5.07', 'Automatisation de la chaîne de production'                   , 5, 1, 3),
	( 61, 'R5.08', 'Qualité de développement'                                    , 5, 1, 3),
	( 62, 'R5.09', 'Virtualisation avancée'                                      , 5, 1, 3),
	( 63, 'R5.10', 'Nouveaux paradigmes de base de données'                      , 5, 1, 3),
	( 64, 'R5.11', 'Méthodes d optimisation pour l aide à la décision'           , 5, 1, 3),
	( 65, 'R5.12', 'Modélisations mathématiques'                                 , 5, 1, 3),
	( 66, 'R5.13', 'Économie durable et numérique'                               , 5, 1, 3),
	( 67, 'R5.14', 'Anglais'                                                     , 5, 1, 3),
	( 68, 'R6.01', 'Initiation à l entrepreneuriat'                              , 6, 1, 3),
	( 69, 'R6.02', 'Droit du numérique et de la propriété intellectuelle'        , 6, 1, 3),
	( 70, 'R6.03', 'Communication : organisation et diffusion de l information'  , 6, 1, 3),
	( 71, 'R6.04', 'Projet Personnel et Professionnel'                           , 6, 1, 1),
	( 72, 'R6.05', 'Développement avancé'                                        , 6, 1, 3),
	( 73, 'R6.06', 'Maintenance applicative'                                     , 6, 1, 3),
	( 74, 'R6.01', 'Stage'                                                       , 6, 1, 3)
	;

INSERT INTO TypeCours (idTypeCours ,nomCours, coefficient) VALUES
	( 1, 'TD' , 1),
	( 2, 'TP' , 1),
	( 3, 'CM' , 1),
	( 4, 'Tut', 1),
	( 5, 'REH', 1),
	( 6, 'SAE', 1),
	( 7, 'HP' , 1)
	;

INSERT INTO HeureCours (idTypeCours,idModule,heure,nbSemaine,hParSemaine, idAnnee) VALUES
	(3, 1,  6, 0, 0, 1),
	(1, 1, 65, 0, 0, 1),
	(2, 1, 28, 0, 0, 1),
	(5, 1,  0, 0, 0, 1),
	(7, 1,  0, 0, 0, 1),
	(3, 2,  0, 0, 0, 1),
	(1, 2, 30, 0, 0, 1),
	(2, 2,  0, 0, 0, 1),
	(5, 2,  0, 0, 0, 1),
	(7, 2,  0, 0, 0, 1),
	(3, 3,  0, 0, 0, 1),
	(1, 3, 15, 0, 0, 1),
	(2, 3, 7, 0, 0, 1),
	(5, 3, 0, 0, 0, 1),
	(7, 3, 0, 0, 0, 1),
	(3, 4, 0, 0, 0, 1),
	(1, 4, 15, 0, 0, 1),
	(2, 4, 7, 0, 0, 1),
	(5, 4, 0, 0, 0, 1),
	(7, 4, 0, 0, 0, 1),
	(3, 5, 0, 0, 0, 1),
	(1, 5, 31, 0, 0, 1),
	(2, 5, 14, 0, 0, 1),
	(5, 5, 0, 0, 0, 1),
	(7, 5, 0, 0, 0, 1),
	(3, 6, 0, 0, 0, 1),
	(1, 6, 38, 0, 0, 1),
	(2, 6, 0, 0, 0, 1),
	(5, 6, 0, 0, 0, 1),
	(7, 6, 0, 0, 0, 1),
	(3, 7, 0, 0, 0, 1),
	(1, 7, 24, 0, 0, 1),
	(2, 7, 0, 0, 0, 1),
	(5, 7, 0, 0, 0, 1),
	(7, 7, 0, 0, 0, 1),
	(3, 8, 6, 0, 0, 1),
	(1, 8, 23, 0, 0, 1),
	(2, 8, 0, 0, 0, 1),
	(5, 8, 0, 0, 0, 1),
	(7, 8, 0, 0, 0, 1),
	(3, 9, 0, 0, 0, 1),
	(1, 9, 22, 0, 0, 1),
	(2, 9, 0, 0, 0, 1),
	(5, 9, 0, 0, 0, 1),
	(7, 9, 0, 0, 0, 1),
	(3, 10, 0, 0, 0, 1),
	(1, 10, 16, 0, 0, 1),
	(2, 10, 14, 0, 0, 1),
	(5, 10, 0, 0, 0, 1),
	(7, 10, 0, 0, 0, 1),
	(3, 11, 0, 0, 0, 1),
	(1, 11, 17, 0, 0, 1),
	(2, 11, 15, 0, 0, 1),
	(5, 11, 0, 0, 0, 1),
	(7, 11, 0, 0, 0, 1),
	(3, 12, 0, 0, 0, 1),
	(1, 12, 7, 0, 0, 1),
	(2, 12, 7, 0, 0, 1),
	(4, 12, 0, 0, 0, 1),
	(5, 12, 0, 0, 0, 1),
	(7, 12, 0, 0, 0, 1),
	(3, 13, 4, 0, 0, 1),
	(1, 13, 62, 0, 0, 1),
	(2, 13, 0, 0, 0, 1),
	(5, 13, 0, 0, 0, 1),
	(7, 13, 0, 0, 0, 1),
	(3, 14, 0, 0, 0, 1),
	(1, 14, 51, 0, 0, 1),
	(2, 14, 0, 0, 0, 1),
	(5, 14, 0, 0, 0, 1),
	(7, 14, 0, 0, 0, 1),
	(3, 15, 0, 0, 0, 1),
	(1, 15, 25, 0, 0, 1),
	(2, 15, 0, 0, 0, 1),
	(5, 15, 0, 0, 0, 1),
	(7, 15, 0, 0, 0, 1),
	(3, 16, 0, 0, 0, 1),
	(1, 16, 10, 0, 0, 1),
	(2, 16, 12, 0, 0, 1),
	(5, 16, 0, 0, 0, 1),
	(7, 16, 0, 0, 0, 1),
	(3, 17, 0, 0, 0, 1),
	(1, 17, 2, 0, 0, 1),
	(2, 17, 6, 0, 0, 1),
	(5, 17, 0, 0, 0, 1),
	(7, 17, 0, 0, 0, 1),
	(3, 18, 0, 0, 0, 1),
	(1, 18, 34, 0, 0, 1),
	(2, 18, 0, 0, 0, 1),
	(5, 18, 0, 0, 0, 1),
	(7, 18, 0, 0, 0, 1),
	(3, 19, 0, 0, 0, 1),
	(1, 19, 31, 0, 0, 1),
	(2, 19, 0, 0, 0, 1),
	(5, 19, 0, 0, 0, 1),
	(7, 19, 0, 0, 0, 1),
	(3, 20, 0, 0, 0, 1),
	(1, 20, 15, 0, 0, 1),
	(2, 20, 0, 0, 0, 1),
	(5, 20, 0, 0, 0, 1),
	(7, 20, 0, 0, 0, 1),
	(3, 21, 0, 0, 0, 1),
	(1, 21, 42, 0, 0, 1),
	(2, 21, 0, 0, 0, 1),
	(5, 21, 0, 0, 0, 1),
	(7, 21, 0, 0, 0, 1),
	(3, 22, 0, 0, 0, 1),
	(1, 22, 38, 0, 0, 1),
	(2, 22, 0, 0, 0, 1),
	(5, 22, 0, 0, 0, 1),
	(7, 22, 0, 0, 0, 1),
	(3, 23, 0, 0, 0, 1),
	(1, 23, 15, 0, 0, 1),
	(2, 23, 0, 0, 0, 1),
	(5, 23, 0, 0, 0, 1),
	(7, 23, 0, 0, 0, 1),
	(3, 24, 0, 0, 0, 1),
	(1, 24, 14, 0, 0, 1),
	(2, 24, 14, 0, 0, 1),
	(5, 24, 0, 0, 0, 1),
	(7, 24, 0, 0, 0, 1),
	(3, 25, 0, 0, 0, 1),
	(1, 25, 21, 0, 0, 1),
	(2, 25, 13, 0, 0, 1),
	(5, 25, 0, 0, 0, 1),
	(7, 25, 0, 0, 0, 1),
	(3, 26, 0, 0, 0, 1),
	(1, 26, 8, 0, 0, 1),
	(2, 26, 8, 0, 0, 1),
	(4, 26, 0, 0, 0, 1),
	(5, 26, 0, 0, 0, 1),
	(7, 26, 0, 0, 0, 1),
	(3, 27, 0, 0, 0, 1),
	(1, 27, 34, 0, 0, 1),
	(2, 27, 0, 0, 0, 1),
	(5, 27, 0, 0, 0, 1),
	(7, 27, 0, 0, 0, 1),
	(3, 28, 0, 0, 0, 1),
	(1, 28, 41, 0, 0, 1),
	(2, 28, 0, 0, 0, 1),
	(5, 28, 0, 0, 0, 1),
	(7, 28, 0, 0, 0, 1),
	(3, 29, 2, 0, 0, 1),
	(1, 29, 10, 0, 0, 1),
	(2, 29, 0, 0, 0, 1),
	(5, 29, 0, 0, 0, 1),
	(7, 29, 0, 0, 0, 1),
	(3, 30, 0, 0, 0, 1),
	(1, 30, 42, 0, 0, 1),
	(2, 30, 0, 0, 0, 1),
	(5, 30, 0, 0, 0, 1),
	(7, 30, 0, 0, 0, 1),
	(3, 31, 7, 0, 0, 1),
	(1, 31, 21, 0, 0, 1),
	(2, 31, 0, 0, 0, 1),
	(5, 31, 0, 0, 0, 1),
	(7, 31, 0, 0, 0, 1),
	(3, 32, 0, 0, 0, 1),
	(1, 32, 19, 0, 0, 1),
	(2, 32, 0, 0, 0, 1),
	(5, 32, 0, 0, 0, 1),
	(7, 32, 0, 0, 0, 1),
	(3, 33, 3, 0, 0, 1),
	(1, 33, 32, 0, 0, 1),
	(2, 33, 0, 0, 0, 1),
	(5, 33, 0, 0, 0, 1),
	(7, 33, 0, 0, 0, 1),
	(3, 34, 0, 0, 0, 1),
	(1, 34, 34, 0, 0, 1),
	(2, 34, 0, 0, 0, 1),
	(5, 34, 0, 0, 0, 1),
	(7, 34, 0, 0, 0, 1),
	(3, 35, 0, 0, 0, 1),
	(1, 35, 22, 0, 0, 1),
	(2, 35, 0, 0, 0, 1),
	(5, 35, 0, 0, 0, 1),
	(7, 35, 0, 0, 0, 1),
	(3, 36, 0, 0, 0, 1),
	(1, 36, 32, 0, 0, 1),
	(2, 36, 0, 0, 0, 1),
	(5, 36, 0, 0, 0, 1),
	(7, 36, 0, 0, 0, 1),
	(3, 37, 7, 0, 0, 1),
	(1, 37, 17, 0, 0, 1),
	(2, 37, 0, 0, 0, 1),
	(5, 37, 0, 0, 0, 1),
	(7, 37, 0, 0, 0, 1),
	(3, 38, 0, 0, 0, 1),
	(1, 38, 20, 0, 0, 1),
	(2, 38, 13, 0, 0, 1),
	(5, 38, 0, 0, 0, 1),
	(7, 38, 0, 0, 0, 1),
	(3, 39, 0, 0, 0, 1),
	(1, 39, 20, 0, 0, 1),
	(2, 39, 13, 0, 0, 1),
	(5, 39, 0, 0, 0, 1),
	(7, 39, 0, 0, 0, 1),
	(3, 40, 0, 0, 0, 1),
	(1, 40, 16, 0, 0, 1),
	(2, 40, 0, 0, 0, 1),
	(4, 40, 0, 0, 0, 1),
	(5, 40, 0, 0, 0, 1),
	(7, 40, 0, 0, 0, 1),
	(3, 41, 7, 0, 0, 1),
	(1, 41, 29, 0, 0, 1),
	(2, 41, 0, 0, 0, 1),
	(5, 41, 0, 0, 0, 1),
	(7, 41, 0, 0, 0, 1),
	(3, 42, 0, 0, 0, 1),
	(1, 42, 18, 0, 0, 1),
	(2, 42, 0, 0, 0, 1),
	(5, 42, 0, 0, 0, 1),
	(7, 42, 0, 0, 0, 1),
	(3, 43, 0, 0, 0, 1),
	(1, 43, 20, 0, 0, 1),
	(2, 43, 0, 0, 0, 1),
	(5, 43, 0, 0, 0, 1),
	(7, 43, 0, 0, 0, 1),
	(3, 44, 0, 0, 0, 1),
	(1, 44, 15, 0, 0, 1),
	(2, 44, 0, 0, 0, 1),
	(5, 44, 0, 0, 0, 1),
	(7, 44, 0, 0, 0, 1),
	(3, 45, 0, 0, 0, 1),
	(1, 45, 9, 0, 0, 1),
	(2, 45, 9, 0, 0, 1),
	(5, 45, 0, 0, 0, 1),
	(7, 45, 0, 0, 0, 1),
	(3, 46, 0, 0, 0, 1),
	(1, 46, 11, 0, 0, 1),
	(2, 46, 9, 0, 0, 1),
	(5, 46, 0, 0, 0, 1),
	(7, 46, 0, 0, 0, 1),
	(3, 47, 0, 0, 0, 1),
	(1, 47, 10, 0, 0, 1),
	(2, 47, 0, 0, 0, 1),
	(4, 47, 0, 0, 0, 1),
	(5, 47, 0, 0, 0, 1),
	(7, 47, 0, 0, 0, 1),
	(3, 48, 0, 0, 0, 1),
	(1, 48, 24, 0, 0, 1),
	(2, 48, 0, 0, 0, 1),
	(5, 48, 0, 0, 0, 1),
	(7, 48, 0, 0, 0, 1),
	(3, 49, 0, 0, 0, 1),
	(1, 49, 11, 0, 0, 1),
	(2, 49, 0, 0, 0, 1),
	(5, 49, 0, 0, 0, 1),
	(7, 49, 0, 0, 0, 1),
	(3, 50, 5, 0, 0, 1),
	(1, 50, 20, 0, 0, 1),
	(2, 50, 0, 0, 0, 1),
	(5, 50, 0, 0, 0, 1),
	(7, 50, 0, 0, 0, 1),
	(3, 51, 8, 0, 0, 1),
	(1, 51, 22, 0, 0, 1),
	(2, 51, 0, 0, 0, 1),
	(5, 51, 0, 0, 0, 1),
	(7, 51, 0, 0, 0, 1),
	(3, 52, 0, 0, 0, 1),
	(1, 52, 15, 0, 0, 1),
	(2, 52, 0, 0, 0, 1),
	(5, 52, 0, 0, 0, 1),
	(7, 52, 0, 0, 0, 1),
	(4, 53, 0, 0, 0, 1),
	(5, 53, 0, 0, 0, 1),
	(7, 53, 0, 0, 0, 1),
	(3, 54, 0, 0, 0, 1),
	(1, 54, 13, 0, 0, 1),
	(2, 54, 0, 0, 0, 1),
	(5, 54, 0, 0, 0, 1),
	(7, 54, 0, 0, 0, 1),
	(3, 55, 0, 0, 0, 1),
	(1, 55, 10, 0, 0, 1),
	(2, 55, 0, 0, 0, 1),
	(4, 55, 0, 0, 0, 1),
	(5, 55, 0, 0, 0, 1),
	(7, 55, 0, 0, 0, 1),
	(3, 56, 0, 0, 0, 1),
	(1, 56, 15, 0, 0, 1),
	(2, 56, 15, 0, 0, 1),
	(5, 56, 0, 0, 0, 1),
	(7, 56, 0, 0, 0, 1),
	(3, 57, 0, 0, 0, 1),
	(1, 57, 15, 0, 0, 1),
	(2, 57, 0, 0, 0, 1),
	(5, 57, 0, 0, 0, 1),
	(7, 57, 0, 0, 0, 1),
	(3, 58, 0, 0, 0, 1),
	(1, 58, 36, 0, 0, 1),
	(2, 58, 0, 0, 0, 1),
	(5, 58, 0, 0, 0, 1),
	(7, 58, 0, 0, 0, 1),
	(3, 59, 0, 0, 0, 1),
	(1, 59, 15, 0, 0, 1),
	(2, 59, 0, 0, 0, 1),
	(5, 59, 0, 0, 0, 1),
	(7, 59, 0, 0, 0, 1),
	(3, 60, 0, 0, 0, 1),
	(1, 60, 15, 0, 0, 1),
	(2, 60, 0, 0, 0, 1),
	(5, 60, 0, 0, 0, 1),
	(7, 60, 0, 0, 0, 1),
	(3, 61, 0, 0, 0, 1),
	(1, 61, 22, 0, 0, 1),
	(2, 61, 0, 0, 0, 1),
	(5, 61, 0, 0, 0, 1),
	(7, 61, 0, 0, 0, 1),
	(3, 62, 0, 0, 0, 1),
	(1, 62, 20, 0, 0, 1),
	(2, 62, 0, 0, 0, 1),
	(5, 62, 0, 0, 0, 1),
	(7, 62, 0, 0, 0, 1),
	(3, 63, 0, 0, 0, 1),
	(1, 63, 35, 0, 0, 1),
	(2, 63, 0, 0, 0, 1),
	(5, 63, 0, 0, 0, 1),
	(7, 63, 0, 0, 0, 1),
	(3, 64, 0, 0, 0, 1),
	(1, 64, 12, 0, 0, 1),
	(2, 64, 0, 0, 0, 1),
	(5, 64, 0, 0, 0, 1),
	(7, 64, 0, 0, 0, 1),
	(3, 65, 0, 0, 0, 1),
	(1, 65, 35, 0, 0, 1),
	(2, 65, 0, 0, 0, 1),
	(5, 65, 0, 0, 0, 1),
	(7, 65, 0, 0, 0, 1),
	(3, 66, 0, 0, 0, 1),
	(1, 66, 15, 0, 0, 1),
	(2, 66, 0, 0, 0, 1),
	(5, 66, 0, 0, 0, 1),
	(7, 66, 0, 0, 0, 1),
	(3, 67, 0, 0, 0, 1),
	(1, 67, 15, 0, 0, 1),
	(2, 67, 10, 0, 0, 1),
	(5, 67, 0, 0, 0, 1),
	(7, 67, 0, 0, 0, 1),
	(3, 68, 0, 0, 0, 1),
	(1, 68, 12, 0, 0, 1),
	(2, 68, 0, 0, 0, 1),
	(5, 68, 0, 0, 0, 1),
	(7, 68, 0, 0, 0, 1),
	(3, 69, 0, 0, 0, 1),
	(1, 69, 12, 0, 0, 1),
	(2, 69, 0, 0, 0, 1),
	(5, 69, 0, 0, 0, 1),
	(7, 69, 0, 0, 0, 1),
	(3, 70, 0, 0, 0, 1),
	(1, 70, 10, 0, 0, 1),
	(2, 70, 0, 0, 0, 1),
	(5, 70, 0, 0, 0, 1),
	(7, 70, 0, 0, 0, 1),
	(3, 71, 0, 0, 0, 1),
	(1, 71, 10, 0, 0, 1),
	(2, 71, 0, 0, 0, 1),
	(4, 71, 0, 0, 0, 1),
	(5, 71, 0, 0, 0, 1),
	(7, 71, 0, 0, 0, 1),
	(3, 72, 0, 0, 0, 1),
	(1, 72, 24, 0, 0, 1),
	(2, 72, 0, 0, 0, 1),
	(5, 72, 0, 0, 0, 1),
	(7, 72, 0, 0, 0, 1),
	(3, 73, 0, 0, 0, 1),
	(1, 73, 18, 0, 0, 1),
	(2, 73, 0, 0, 0, 1),
	(5, 73, 0, 0, 0, 1),
	(7, 73, 0, 0, 0, 1),
	(4, 74, 0, 0, 0, 1),
	(5, 74, 0, 0, 0, 1),
	(7, 74, 0, 0, 0, 1)
	;


INSERT INTO Intervenant (idIntervenant ,prenom, nom, email, hMinIntervenant, hMaxIntervenant, idAnnee,  idCategorie) VALUES
	( 1, 'Philippe' , 'Lepivert'  , 'philippe.le-pivert@univ-lehavre.fr'     , 0, 0, 1, 1),
	( 2, 'Hadhoum'  , 'Boukachour', 'hadhoum.boukachour@univ-lehavre.fr'     , 0, 0, 1, 1),
	( 3, 'Frédéric' , 'Serin'     , 'frederic.serin@univ-lehavre.fr'         , 0, 0, 1, 1),
	( 4, 'Hugues'   , 'Duflo'     , 'hugues.duflo@univ-lehavre.fr'           , 0, 0, 1, 1),
	( 5, 'Jaouad'   , 'Boukachour', 'jaouad.boukachour@univ-lehavre.fr'      , 0, 0, 1, 1),
	( 6, 'Laurence' , 'Nivet'     , 'laurence.nivet@univ-lehavre.fr'         , 0, 0, 1, 1),
	( 7, 'Quentin'  , 'Griette'   , 'quentin.griette@univ-lehavre.fr'        , 0, 0, 1, 1),
	( 8, 'Quentin'  , 'Laffeach'  , 'quentin.laffeach@univ-lehavre.fr'       , 0, 0, 1, 1),
	( 9, 'Rodolphe' , 'Charrier'  , 'Rodolphe.Charrier@univ-lehavre.fr'      , 0, 0, 1, 1),
	(10, 'Bruno'    , 'Legrix'    , 'bruno.legrix@univ-lehavre.fr'           , 0, 0, 1, 1),
	(11, 'Alabboud' , 'Hassan'    , 'alabboudhassan@gmail.com'               , 0, 0, 1, 1),
	(12, 'Zahour'   , 'Abderrazak', 'zahoura@univ-lehavre.fr'                , 0, 0, 1, 1),
	(13, 'Jean'     , 'Foubert'   , 'jean.foubert@univ-lehavre.fr'           , 0, 0, 1, 1),
	(14, 'Frederic' , 'Guinand'   , 'frederic.guinand@univ-lehavre.fr'       , 0, 0, 1, 1),
	(15, 'Tiphaine' , 'Dubocage'  , 'dubocage.iut@gmail.com'                 , 0, 0, 1, 1),
	(16, 'Thomas'   , 'Colignon'  , 'colignon.iut@gmail.com'                 , 0, 0, 1, 1),
	(17, 'Steeve'   , 'Pytel'     , 'steeve.pytel@ac-normandie.fr'           , 0, 0, 1, 1),
	(18, 'Dalila'   , 'Boudebous' , 'dalila.boudebous@univ-lehavre.fr'       , 0, 0, 1, 1),
	(19, 'Bruno'    , 'Sadeg'     , 'bruno.sadeg@univ-lehavre.fr'            , 0, 0, 1, 1),
	(20, 'Pascal'   , 'Rembert'   , 'rembertp@univ-lehavre.fr'               , 0, 0, 1, 1),
	(21, 'Sébastien', 'Bertin'    , 'sebastien.d.bertin@gmail.com'           , 0, 0, 1, 1),
	(22, 'Isabelle' , 'Delarue'   , 'isabelle.delarue2@orange.fr'            , 0, 0, 1, 1),
	(23, 'Benjamin' , 'Boquet'    , 'boquet.iut@gmail.com'                   , 0, 0, 1, 1),
	(24, 'Jan-Luis' , 'Jiménéz'   , 'juan-luis.jimenez@univ-lehavre.fr'      , 0, 0, 1, 1),
	(25, 'Jean-Yves', 'Colin'     , 'jean-yves.colin@univ-lehavre.fr'        , 0, 0, 1, 1),
	(26, 'Emmanuel' , 'Keith'     , 'emmanuel.keith@ac-rouen.fr'             , 0, 0, 1, 1),
	(27, 'Mouhaned' , 'Gaied'     , 'mouhaned.gaied@univ-lehavre.fr'         , 0, 0, 1, 1),
	(28, 'Salim'    , 'Khraimeche', 'salimkhr@gmail.com'                     , 0, 0, 1, 1),
	(29, 'Florian'  , 'Perroud'   , 'perroud.iut@gmail.com'                  , 0, 0, 1, 1),
	(30, 'Claude'   , 'Duvallet'  , 'claude.duvallet@guinand@univ-lehavre.fr', 0, 0, 1, 1)
	;

INSERT INTO Intervention (idIntervenant, idModule, idTypeCours, nbSemainesIntervention, nbGroupe, idAnnee) VALUES
	(1, 1, 1, 13, 2, 1),
	(1, 1, 2, 13, 4, 1),
	(1, 1, 3,  4, 1, 1)
	;
