INSERT INTO Annee (idAnnee, annee) VALUES
	(1, '2023/2024')
	;

INSERT INTO Categorie (idCategorie, idAnnee, nomCategorie, hMaxCategorie, hMinCategorie, ratioTp) VALUES
	(1, 1, 'Enseignant'          , 384, 576, 1   ),
	(2, 1, 'Contractuel'         , 192, 384, 1   ),
	(3, 1, 'Vacataire'           ,   0,  90, 0.66),
	(4, 1, 'Enseignant-Chercheur', 192, 354, 1   )
	;

INSERT INTO TypeModule (idTypeModule, nomTypeModule) VALUES
	(1, 'PPP'   ),
	(2, 'SAE'   ),
	(3, 'Ressource'),
	(4, 'Stage' )
	;

INSERT INTO TypeCours (idTypeCours, coefficient, nomCours) VALUES
	(1, 1, 'TD' ),
	(2, 1, 'TP' ),
	(3, 1, 'CM' ),
	(4, 1, 'Tut'),
	(5, 1, 'REH'),
	(6, 1, 'SAE'),
	(7, 1, 'HP' )
	;

INSERT INTO Semestre (idSemestre, idAnnee, nbGTD, nbGTP, nbGCM, nbSemaine, couleur) VALUES
	(1, 1, 3, 6, 1, 14, '#ffffff'),
	(2, 1, 3, 6, 1, 14, '#ffffff'),
	(3, 1, 2, 4, 1, 13, '#ffffff'),
	(4, 1, 2, 4, 1,  9, '#ffffff'),
	(5, 1, 2, 4, 1, 10, '#ffffff'),
	(6, 1, 2, 4, 1,  4, '#ffffff')
	;

INSERT INTO Intervenant (idIntervenant, idAnnee, idCategorie, prenom, nom, email, hMinIntervenant, hMaxIntervenant) VALUES
	( 1, 1, 4, 'Léa'    , 'BarBier'   , 'Léa.BarBier@univ-lehavre.fr'     , 0, 0),
	( 2, 1, 4, 'Gabriel', 'Bayer'     , 'Gabriel.Bayer@univ-lehavre.fr'   , 0, 0),
	( 3, 1, 4, 'Manon'  , 'Blofeld'   , 'Manon.Blofeld@univ-lehavre.fr'   , 0, 0),
	( 4, 1, 4, 'Lucas'  , 'Buchy'     , 'Lucas.Buchy@univ-lehavre.fr'     , 0, 0),
	( 5, 1, 4, 'Zoé'    , 'Codd'      , 'Zoé.Codd@univ-lehavre.fr'        , 0, 0),
	( 6, 1, 1, 'Théo'   , 'Debailly'  , 'Théo.Debailly@univ-lehavre.fr'   , 0, 0),
	( 7, 1, 4, 'Camille', 'Drax'      , 'Camille.Drax@univ-lehavre.fr'    , 0, 0),
	( 8, 1, 4, 'Louis'  , 'Forbes'    , 'Louis.Forbes@univ-lehavre.fr'    , 0, 0),
	( 9, 1, 4, 'Jade'   , 'Gino'      , 'Jade.Gino@univ-lehavre.fr'       , 0, 0),
	(10, 1, 4, 'Arthur' , 'Haron'     , 'Arthur.Haron@univ-lehavre.fr'    , 0, 0),
	(11, 1, 1, 'Emma'   , 'Luce'      , 'Emma.Luce@univ-lehavre.fr'       , 0, 0),
	(12, 1, 4, 'Hugo'   , 'Maupertuis', 'Hugo.Maupertuis@univ-lehavre.fr' , 0, 0),
	(13, 1, 4, 'Chloé'  , 'Mollat'    , 'Chloé.Mollat@univ-lehavre.fr'    , 0, 0),
	(14, 1, 1, 'Nathan' , 'Taylor'    , 'Nathan.Taylor@univ-lehavre.fr'   , 0, 0),
	(15, 1, 4, 'Inès'   , 'Thomas'    , 'Inès.Thomas@univ-lehavre.fr'     , 0, 0),
	(16, 1, 4, 'Maxime' , 'Virenque'  , 'Maxime.Virenque@univ-lehavre.fr' , 0, 0),
	(17, 1, 4, 'Maëlys' , 'Yuskovich' , 'Maëlys.Yuskovich@univ-lehavre.fr', 0, 0),
	(18, 1, 2, 'Ethan'  , 'Math'      , 'Ethan.Math@univ-lehavre.fr'      , 0, 0),
	(19, 1, 2, 'Clara'  , 'Sparks'    , 'Clara.Sparks@univ-lehavre.fr'    , 0, 0),
	(20, 1, 2, 'Enzo'   , 'Steed'     , 'Enzo.Steed@univ-lehavre.fr'      , 0, 0),
	(21, 1, 2, 'Léna'   , 'Turing'    , 'Léna.Turing@univ-lehavre.fr'     , 0, 0),
	(22, 1, 3, 'Noah'   , 'Adino'     , 'Noah.Adino@univ-lehavre.fr'      , 0, 0),
	(23, 1, 3, 'Anaïs'  , 'Atari'     , 'Anaïs.Atari@univ-lehavre.fr'     , 0, 0),
	(24, 1, 3, 'Jules'  , 'Boyce'     , 'Jules.Boyce@univ-lehavre.fr'     , 0, 0),
	(25, 1, 3, 'Ambre'  , 'Damien'    , 'Ambre.Damien@univ-lehavre.fr'    , 0, 0),
	(26, 1, 3, 'Tom'    , 'Milo'      , 'Tom.Milo@univ-lehavre.fr'        , 0, 0),
	(27, 1, 3, 'Eva'    , 'Peel'      , 'Eva.Peel@univ-lehavre.fr'        , 0, 0),
	(28, 1, 3, 'Mathis' , 'Vennes'    , 'Mathis.Vennes@univ-lehavre.fr'   , 0, 0),
	(29, 1, 3, 'Romane' , 'Henon'     , 'Romane.Henon@univ-lehavre.fr'    , 0, 0),
	(30, 1, 3, 'Liam'   , 'Khraimeche', 'Liam.Khraimeche@univ-lehavre.fr' , 0, 0)
	;

INSERT INTO Module (idModule, idAnnee, idSemestre, idTypeModule, code, nomModule, valid) VALUES
	( 1, 1, 1, 3, 'R1.01', 'Initiation au développement'                                 , FALSE),
	( 2, 1, 1, 3, 'R1.02', 'Développement interfaces Web'                                , FALSE),
	( 3, 1, 1, 3, 'R1.03', 'Introduction Architecture'                                   , FALSE),
	( 4, 1, 1, 3, 'R1.04', 'Introduction Système'                                        , FALSE),
	( 5, 1, 1, 3, 'R1.05', 'Introduction Base de données'                                , FALSE),
	( 6, 1, 1, 3, 'R1.06', 'Mathématiques discrètes'                                     , FALSE),
	( 7, 1, 1, 3, 'R1.07', 'Outils mathématiques fondamentaux'                           , FALSE),
	( 8, 1, 1, 3, 'R1.08', 'Gestion de projet et des organisations'                      , FALSE),
	( 9, 1, 1, 3, 'R1.09', 'Économie durable et numérique'                               , FALSE),
	(10, 1, 1, 3, 'R1.10', 'Anglais Technique'                                           , FALSE),
	(11, 1, 1, 3, 'R1.11', 'Bases de la communication'                                   , FALSE),
	(12, 1, 1, 1, 'R1.12', 'Projet Professionnel et Personnel'                           , FALSE),
	(13, 1, 1, 2, 'S1.01', 'Implémentation d un besoin client'                           , FALSE),
	(14, 1, 1, 2, 'S1.02', 'Installation d un poste pour le développement'               , FALSE),
	(15, 1, 1, 2, 'S1.03', 'Comparaison d approches algorithmiques'                      , FALSE),
	(16, 1, 1, 2, 'S1.04', 'Création d une base de données'                              , FALSE),
	(17, 1, 1, 2, 'S1.05', 'Recueil de besoins'                                          , FALSE),
	(18, 1, 1, 2, 'S1.06', 'Découverte de l environnement économique et écologique'      , FALSE),
	(19, 1, 2, 3, 'R2.01', 'Développement orienté objets'                                , FALSE),
	(20, 1, 2, 3, 'R2.02', 'Développement d applications avec IHM'                       , FALSE),
	(21, 1, 2, 3, 'R2.03', 'Qualité de développement'                                    , FALSE),
	(22, 1, 2, 3, 'R2.04', 'Communication et fonctionnement bas niveau'                  , FALSE),
	(23, 1, 2, 3, 'R2.05', 'Introduction aux services réseaux'                           , FALSE),
	(24, 1, 2, 3, 'R2.06', 'Exploitation d une base de données'                          , FALSE),
	(25, 1, 2, 3, 'R2.07', 'Graphes'                                                     , FALSE),
	(26, 1, 2, 3, 'R2.08', 'Outils numériques pour les statistiques'                     , FALSE),
	(27, 1, 2, 3, 'R2.09', 'Méthodes Numériques'                                         , FALSE),
	(28, 1, 2, 3, 'R2.10', 'Gestion de projet et des organisations'                      , FALSE),
	(29, 1, 2, 3, 'R2.11', 'Droit'                                                       , FALSE),
	(30, 1, 2, 3, 'R2.12', 'Anglais d entreprise'                                        , FALSE),
	(31, 1, 2, 3, 'R2.13', 'Communication Technique'                                     , FALSE),
	(32, 1, 2, 1, 'R2.14', 'Projet Professionnel et Personnel'                           , FALSE),
	(33, 1, 2, 2, 'S2.01', 'Développement d une application'                             , FALSE),
	(34, 1, 2, 2, 'S2.02', 'Exploration algorithmique d un problème'                     , FALSE),
	(35, 1, 2, 2, 'S2.03', 'Installation de services réseau'                             , FALSE),
	(36, 1, 2, 2, 'S2.04', 'Exploitation d une base de données'                          , FALSE),
	(37, 1, 2, 2, 'S2.05', 'Gestion d un projet'                                         , FALSE),
	(38, 1, 2, 2, 'S2.06', 'Organisation d un travail d équipe '                         , FALSE),
	(39, 1, 3, 3, 'R3.01', 'Développement WEB'                                           , FALSE),
	(40, 1, 3, 3, 'R3.02', 'Développement Efficace'                                      , FALSE),
	(41, 1, 3, 3, 'R3.03', 'Analyse'                                                     , FALSE),
	(42, 1, 3, 3, 'R3.04', 'Qualité de développement 3'                                  , FALSE),
	(43, 1, 3, 3, 'R3.05', 'Programmation Système'                                       , FALSE),
	(44, 1, 3, 3, 'R3.06', 'Architecture des réseaux'                                    , FALSE),
	(45, 1, 3, 3, 'R3.07', 'SQL dans un langage de programmation'                        , FALSE),
	(46, 1, 3, 3, 'R3.08', 'Probabilités'                                                , FALSE),
	(47, 1, 3, 3, 'R3.09', 'Cryptographie et sécurité'                                   , FALSE),
	(48, 1, 3, 3, 'R3.10', 'Management des systèmes d information'                       , FALSE),
	(49, 1, 3, 3, 'R3.11', 'Droits des contrats et du numérique'                         , FALSE),
	(50, 1, 3, 3, 'R3.12', 'Anglais 3'                                                   , FALSE),
	(51, 1, 3, 3, 'R3.13', 'Communication professionnelle'                               , FALSE),
	(52, 1, 3, 1, 'R3.14', 'PPP 3'                                                       , FALSE),
	(53, 1, 3, 2, 'S3.01', 'Développement d une application'                             , FALSE),
	(54, 1, 4, 3, 'R4.01', 'Architecture logicielle'                                     , FALSE),
	(55, 1, 4, 3, 'R4.02', 'Qualité de développement 4'                                  , FALSE),
	(56, 1, 4, 3, 'R4.03', 'Qualité et au delà du relationnel'                           , FALSE),
	(57, 1, 4, 3, 'R4.04', 'Méthodes d optimisation'                                     , FALSE),
	(58, 1, 4, 3, 'R4.05', 'Anglais 4'                                                   , FALSE),
	(59, 1, 4, 3, 'R4.06', 'Communication interne'                                       , FALSE),
	(60, 1, 4, 1, 'R4.07', 'PPP 4'                                                       , FALSE),
	(61, 1, 4, 3, 'R4.08', 'Virtualisation'                                              , FALSE),
	(62, 1, 4, 3, 'R4.09', 'Management avancé des Systèmes D information'                , FALSE),
	(63, 1, 4, 3, 'R4.10', 'Complément web'                                              , FALSE),
	(64, 1, 4, 3, 'R4.11', 'Développement mobile'                                        , FALSE),
	(65, 1, 4, 3, 'R4.12', 'Automates'                                                   , FALSE),
	(66, 1, 4, 2, 'S4.01', 'Développement d une application'                             , FALSE),
	(67, 1, 5, 3, 'R5.01', 'Initiation au management d une équipe de projet informatique', FALSE),
	(68, 1, 5, 1, 'R5.02', 'Projet Personnel et Professionnel'                           , FALSE),
	(69, 1, 5, 3, 'R5.03', 'Politique de communication'                                  , FALSE),
	(70, 1, 5, 3, 'R5.04', 'Qualité algorithmique'                                       , FALSE),
	(71, 1, 5, 3, 'R5.05', 'Programmation avancée'                                       , FALSE),
	(72, 1, 5, 3, 'R5.06', 'Programmation multimédia'                                    , FALSE),
	(73, 1, 5, 3, 'R5.07', 'Automatisation de la chaîne de production'                   , FALSE),
	(74, 1, 5, 3, 'R5.08', 'Qualité de développement'                                    , FALSE),
	(75, 1, 5, 3, 'R5.09', 'Virtualisation avancée'                                      , FALSE),
	(76, 1, 5, 3, 'R5.10', 'Nouveaux paradigmes de base de données'                      , FALSE),
	(77, 1, 5, 3, 'R5.11', 'Méthodes d optimisation pour l aide à la décision'           , FALSE),
	(78, 1, 5, 3, 'R5.12', 'Modélisations mathématiques'                                 , FALSE),
	(79, 1, 5, 3, 'R5.13', 'Économie durable et numérique'                               , FALSE),
	(80, 1, 5, 3, 'R5.14', 'Anglais'                                                     , FALSE),
	(81, 1, 5, 2, 'S6.01', 'Développement Avancé'                                        , FALSE),
	(82, 1, 6, 3, 'R6.01', 'Initiation à l entrepreneuriat'                              , FALSE),
	(83, 1, 6, 3, 'R6.02', 'Droit du numérique et de la propriété intellectuelle'        , FALSE),
	(84, 1, 6, 3, 'R6.03', 'Communication : organisation et diffusion de l information'  , FALSE),
	(85, 1, 6, 1, 'R6.04', 'Projet Personnel et Professionnel'                           , FALSE),
	(86, 1, 6, 3, 'R6.05', 'Développement avancé'                                        , FALSE),
	(87, 1, 6, 3, 'R6.06', 'Maintenance applicative'                                     , FALSE),
	(88, 1, 6, 4, 'R6.01', 'Stage'                                                       , FALSE),
	(89, 1, 6, 2, 'S6.01', 'Évolution d’une application existante'                       , FALSE)
	;

INSERT INTO HeureCours (idTypeCours, idModule, heure, nbSemaine, hParSemaine, idAnnee) VALUES
	(3,  1,  6  , 14, 0.4286, 1), (1,  1, 65  , 14, 4     , 1), (2,  1, 28  , 14, 2     , 1), (7,  1,  0  ,  0, 0     , 1),
	(3,  2,  0  ,  0, 0     , 1), (1,  2, 30  , 13, 2     , 1), (2,  2,  0  ,  0, 0     , 1), (7,  2,  0  ,  0, 0     , 1),
	(3,  3,  0  ,  0, 0     , 1), (1,  3, 15  ,  7, 2     , 1), (2,  3,  7  ,  7, 1     , 1), (7,  3,  0  ,  0, 0     , 1),
	(3,  4,  0  ,  0, 0     , 1), (1,  4, 15  ,  7, 2     , 1), (2,  4,  7  ,  7, 1     , 1), (7,  4,  0  ,  0, 0     , 1),
	(3,  5,  0  ,  0, 0     , 1), (1,  5, 31  , 14, 2     , 1), (2,  5, 14  , 14, 1     , 1), (7,  5,  0  ,  0, 0     , 1),
	(3,  6,  0  ,  0, 0     , 1), (1,  6, 38  , 14, 2.5   , 1), (2,  6,  0  ,  0, 0     , 1), (7,  6,  0  ,  0, 0     , 1),
	(3,  7,  0  ,  0, 0     , 1), (1,  7, 24  , 14, 1.5   , 1), (2,  7,  0  ,  0, 0     , 1), (7,  7,  0  ,  0, 0     , 1),
	(3,  8,  6  , 14, 0.4286, 1), (1,  8, 23  , 14, 1.5   , 1), (2,  8,  0  ,  0, 0     , 1), (7,  8,  0  ,  0, 0     , 1),
	(3,  9,  0  ,  0, 0     , 1), (1,  9, 22  , 14, 1.25  , 1), (2,  9,  0  ,  0, 0     , 1), (7,  9,  0  ,  0, 0     , 1),
	(3, 10,  0  ,  0, 0     , 1), (1, 10, 16  , 14, 1     , 1), (2, 10, 14  , 14, 1     , 1), (7, 10,  0  ,  0, 0     , 1),
	(3, 11,  0  ,  0, 0     , 1), (1, 11, 17  , 15, 1     , 1), (2, 11, 15  , 15, 1     , 1), (7, 11,  0  ,  0, 0     , 1),
	(3, 12,  0  ,  0, 0     , 1), (1, 12,  7  ,  0, 0     , 1), (2, 12,  7  ,  0, 0     , 1), (4, 12,  6  ,  0, 0     , 1), (7, 12,  0  ,  0, 0     , 1),
	(4, 13,  6  ,  0, 0     , 1), (6, 13,  3  ,  0, 0     , 1), (7, 13,  0  ,  0, 0     , 1),
	(4, 14,  9  ,  0, 0     , 1), (6, 14,  3  ,  0, 0     , 1), (7, 14,  0  ,  0, 0     , 1),
	(4, 15,  6  ,  0, 0     , 1), (6, 15,  4.5,  0, 0     , 1), (7, 15,  0  ,  0, 0     , 1),
	(4, 16,  6  ,  0, 0     , 1), (6, 16,  3  ,  0, 0     , 1), (7, 16,  0  ,  0, 0     , 1),
	(4, 17,  6  ,  0, 0     , 1), (6, 17,  3  ,  0, 0     , 1), (7, 17,  0  ,  0, 0     , 1),
	(4, 18,  6  ,  0, 0     , 1), (6, 18,  3  ,  0, 0     , 1), (7, 18,  0  ,  0, 0     , 1),
	(3, 19,  4  , 10, 0.4   , 1), (1, 19, 62  , 10, 6.2   , 1), (2, 19,  0  ,  0, 0     , 1), (7, 19,  0  ,  0, 0     , 1),
	(3, 20,  0  ,  0, 0     , 1), (1, 20, 51  , 13, 3.6923, 1), (2, 20,  0  ,  0, 0     , 1), (7, 20,  0  ,  0, 0     , 1),
	(3, 21,  0  ,  0, 0     , 1), (1, 21, 25  ,  4, 5     , 1), (2, 21,  0  ,  0, 0     , 1), (7, 21,  0  ,  0, 0     , 1),
	(3, 22,  0  ,  0, 0     , 1), (1, 22, 10  ,  6, 1.5   , 1), (2, 22, 12  ,  6, 2     , 1), (7, 22,  0  ,  0, 0     , 1),
	(3, 23,  0  ,  0, 0     , 1), (1, 23,  2  ,  3, 1.5   , 1), (2, 23,  6  ,  3, 2     , 1), (7, 23,  0  ,  0, 0     , 1),
	(3, 24,  0  ,  0, 0     , 1), (1, 24, 34  , 13, 2.5   , 1), (2, 24,  0  ,  0, 0     , 1), (7, 24,  0  ,  0, 0     , 1),
	(3, 25,  0  ,  0, 0     , 1), (1, 25, 31  ,  9, 3     , 1), (2, 25,  0  ,  0, 0     , 1), (7, 25,  0  ,  0, 0     , 1),
	(3, 26,  0  ,  0, 0     , 1), (1, 26, 15  ,  9, 1.5   , 1), (2, 26,  0  ,  0, 0     , 1), (7, 26,  0  ,  0, 0     , 1),
	(3, 27,  0  ,  0, 0     , 1), (1, 27, 42  ,  8, 1.5   , 1), (2, 27,  0  ,  0, 0     , 1), (7, 27,  0  ,  0, 0     , 1),
	(3, 28,  0  ,  0, 0     , 1), (1, 28, 38  , 13, 2.1923, 1), (2, 28,  0  ,  0, 0     , 1), (7, 28,  0  ,  0, 0     , 1),
	(3, 29,  0  ,  0, 0     , 1), (1, 29, 15  ,  9, 1.5   , 1), (2, 29,  0  ,  0, 0     , 1), (7, 29,  0  ,  0, 0     , 1),
	(3, 30,  0  ,  0, 0     , 1), (1, 30, 14  , 14, 1     , 1), (2, 30, 14  , 14, 1     , 1), (7, 30,  0  ,  0, 0     , 1),
	(3, 31,  0  ,  0, 0     , 1), (1, 31, 21  , 13, 1.5   , 1), (2, 31, 13  , 13, 1     , 1), (7, 31,  0  ,  0, 0     , 1),
	(3, 32,  0  ,  0, 0     , 1), (1, 32,  8  ,  0, 0     , 1), (2, 32,  8  ,  0, 0     , 1), (4, 32,  9  ,  0, 0     , 1), (7, 32,  0  ,  0, 0     , 1),
	(4, 33,  6  ,  0, 0     , 1), (6, 33,  6  ,  0, 0     , 1), (7, 33,  0  ,  0, 0     , 1),
	(4, 34,  6  ,  0, 0     , 1), (6, 34,  4  ,  0, 0     , 1), (7, 34,  0  ,  0, 0     , 1),
	(4, 35,  6  ,  0, 0     , 1), (6, 35,  4  ,  0, 0     , 1), (7, 35,  0  ,  0, 0     , 1),
	(4, 36,  6  ,  0, 0     , 1), (6, 36,  4  ,  0, 0     , 1), (7, 36,  0  ,  0, 0     , 1),
	(4, 37,  9  ,  0, 0     , 1), (6, 37,  6  ,  0, 0     , 1), (7, 37,  0  ,  0, 0     , 1),
	(4, 38,  6  ,  0, 0     , 1), (6, 38,  4  ,  0, 0     , 1), (7, 38,  0  ,  0, 0     , 1),
	(3, 39,  0  ,  0, 0     , 1), (1, 39, 34  , 13, 2.5   , 1), (2, 39,  0  ,  0, 0     , 1), (7, 39,  0  ,  0, 0     , 1),
	(3, 40,  0  ,  0, 0     , 1), (1, 40, 41  , 13, 2.8846, 1), (2, 40,  0  ,  0, 0     , 1), (7, 40,  0  ,  0, 0     , 1),
	(3, 41,  2  ,  8, 0.25  , 1), (1, 41, 10  ,  8, 1     , 1), (2, 41,  0  ,  0, 0     , 1), (7, 41,  0  ,  0, 0     , 1),
	(3, 42,  0  ,  0, 0     , 1), (1, 42, 42  , 13, 3     , 1), (2, 42,  0  ,  0, 0     , 1), (7, 42,  0  ,  0, 0     , 1),
	(3, 43,  7  , 13, 0.462 , 1), (1, 43, 21  , 13, 1.5   , 1), (2, 43,  0  ,  0, 0     , 1), (7, 43,  0  ,  0, 0     , 1),
	(3, 44,  0  ,  0, 0     , 1), (1, 44, 19  , 12, 1.5   , 1), (2, 44,  0  ,  0, 0     , 1), (7, 44,  0  ,  0, 0     , 1),
	(3, 45,  3  ,  0, 0     , 1), (1, 45, 32  , 12, 2.5   , 1), (2, 45,  0  ,  0, 0     , 1), (7, 45,  0  ,  0, 0     , 1),
	(3, 46,  0  ,  0, 0     , 1), (1, 46, 34  , 13, 2.5   , 1), (2, 46,  0  ,  0, 0     , 1), (7, 46,  0  ,  0, 0     , 1),
	(3, 47,  0  ,  0, 0     , 1), (1, 47, 22  , 13, 1.5   , 1), (2, 47,  0  ,  0, 0     , 1), (7, 47,  0  ,  0, 0     , 1),
	(3, 48,  0  ,  0, 0     , 1), (1, 48, 32  , 12, 2.5   , 1), (2, 48,  0  ,  0, 0     , 1), (7, 48,  0  ,  0, 0     , 1),
	(3, 49,  7  ,  0, 0     , 1), (1, 49, 17  , 13, 1     , 1), (2, 49,  0  ,  0, 0     , 1), (7, 49,  0  ,  0, 0     , 1),
	(3, 50,  0  ,  0, 0     , 1), (1, 50, 20  , 13, 1.5   , 1), (2, 50, 13  , 13, 1     , 1), (7, 50,  0  ,  0, 0     , 1),
	(3, 51,  0  ,  0, 0     , 1), (1, 51, 20  , 13, 1.5   , 1), (2, 51, 13  , 13, 1     , 1), (7, 51,  0  ,  0, 0     , 1),
	(3, 52,  0  ,  0, 0     , 1), (1, 52, 16  ,  5, 2.5   , 1), (2, 52,  0  ,  0, 0     , 1), (4, 52,  0  ,  0, 0     , 1), (7, 52,  0  ,  0, 0     , 1),
	(4, 53, 14  ,  0, 0     , 1), (6, 53, 10  ,  0, 0     , 1), (7, 53,  0  ,  0, 0     , 1),
	(3, 54,  7  ,  8, 0.875 , 1), (1, 54, 29  ,  8, 3     , 1), (2, 54,  0  ,  0, 0     , 1), (7, 54,  0  ,  0, 0     , 1),
	(3, 55,  0  ,  0, 0     , 1), (1, 55, 18  ,  8, 2     , 1), (2, 55,  0  ,  0, 0     , 1), (7, 55,  0  ,  0, 0     , 1),
	(3, 56,  0  ,  0, 0     , 1), (1, 56, 20  ,  8, 2.5   , 1), (2, 56,  0  ,  0, 0     , 1), (7, 56,  0  ,  0, 0     , 1),
	(3, 57,  0  ,  0, 0     , 1), (1, 57, 15  ,  8, 1.5   , 1), (2, 57,  0  ,  0, 0     , 1), (7, 57,  0  ,  0, 0     , 1),
	(3, 58,  0  ,  0, 0     , 1), (1, 58,  9  ,  8, 1     , 1), (2, 58,  9  ,  8, 1     , 1), (7, 58,  0  ,  0, 0     , 1),
	(3, 59,  0  ,  0, 0     , 1), (1, 59, 11  ,  9, 1     , 1), (2, 59,  9  ,  9, 1     , 1), (7, 59,  0  ,  0, 0     , 1),
	(3, 60,  0  ,  0, 0     , 1), (1, 60, 10  ,  0, 0     , 1), (2, 60,  0  ,  0, 0     , 1), (4, 60,  0  ,  0, 0     , 1), (7, 60,  0  ,  0, 0     , 1),
	(3, 61,  0  ,  0, 0     , 1), (1, 61, 24  ,  8, 2.75  , 1), (2, 61,  0  ,  0, 0     , 1), (7, 61,  0  ,  0, 0     , 1),
	(3, 62,  0  ,  0, 0     , 1), (1, 62, 11  ,  7, 2     , 1), (2, 62,  0  ,  0, 0     , 1), (7, 62,  0  ,  0, 0     , 1),
	(3, 63,  5  ,  8, 0.625 , 1), (1, 63, 20  ,  8, 2     , 1), (2, 63,  0  ,  0, 0     , 1), (7, 63,  0  ,  0, 0     , 1),
	(3, 64,  8  ,  8, 1     , 1), (1, 64, 22  ,  8, 2.5   , 1), (2, 64,  0  ,  0, 0     , 1), (7, 64,  0  ,  0, 0     , 1),
	(3, 65,  0  ,  0, 0     , 1), (1, 65, 15  ,  7, 2     , 1), (2, 65,  0  ,  0, 0     , 1), (7, 65,  0  ,  0, 0     , 1),
	(4, 66, 10.5,  0, 0     , 1), (6, 66,  0  ,  0, 0     , 1), (7, 66,  0  ,  0, 0     , 1),
	(3, 67,  0  ,  0, 0     , 1), (1, 67, 13  ,  8, 1.5   , 1), (2, 67,  0  ,  0, 0     , 1), (7, 67,  0  ,  0, 0     , 1),
	(3, 68,  0  ,  0, 0     , 1), (1, 68, 10  ,  0, 0     , 1), (2, 68,  0  ,  0, 0     , 1), (4, 68,  0  ,  0, 0     , 1), (7, 68,  0  ,  0, 0     , 1),
	(3, 69,  0  ,  0, 0     , 1), (1, 69, 15  , 10, 1.5   , 1), (2, 69, 15  , 10, 1.5   , 1), (7, 69,  0  ,  0, 0     , 1),
	(3, 70,  0  ,  0, 0     , 1), (1, 70, 15  ,  9, 1.5   , 1), (2, 70,  0  ,  0, 0     , 1), (7, 70,  0  ,  0, 0     , 1),
	(3, 71,  0  ,  0, 0     , 1), (1, 71, 36  , 10, 3     , 1), (2, 71,  0  ,  0, 0     , 1), (7, 71,  0  ,  0, 0     , 1),
	(3, 72,  0  ,  0, 0     , 1), (1, 72, 15  ,  7, 2     , 1), (2, 72,  0  ,  0, 0     , 1), (7, 72,  0  ,  0, 0     , 1),
	(3, 73,  0  ,  0, 0     , 1), (1, 73, 15  ,  9, 1.5   , 1), (2, 73,  0  ,  0, 0     , 1), (7, 73,  0  ,  0, 0     , 1),
	(3, 74,  0  ,  0, 0     , 1), (1, 74, 22  , 10, 2     , 1), (2, 74,  0  ,  0, 0     , 1), (7, 74,  0  ,  0, 0     , 1),
	(3, 75,  0  ,  0, 0     , 1), (1, 75, 20  , 10, 2     , 1), (2, 75,  0  ,  0, 0     , 1), (7, 75,  0  ,  0, 0     , 1),
	(3, 76,  0  ,  0, 0     , 1), (1, 76, 35  , 10, 3     , 1), (2, 76,  0  ,  0, 0     , 1), (7, 76,  0  ,  0, 0     , 1),
	(3, 77,  0  ,  0, 0     , 1), (1, 77, 12  ,  8, 1.25  , 1), (2, 77,  0  ,  0, 0     , 1), (7, 77,  0  ,  0, 0     , 1),
	(3, 78,  0  ,  0, 0     , 1), (1, 78, 35  , 10, 3     , 1), (2, 78,  0  ,  0, 0     , 1), (7, 78,  0  ,  0, 0     , 1),
	(3, 79,  0  ,  0, 0     , 1), (1, 79, 15  , 10, 1.5   , 1), (2, 79,  0  ,  0, 0     , 1), (7, 79,  0  ,  0, 0     , 1),
	(3, 80,  0  ,  0, 0     , 1), (1, 80, 15  , 10, 1.5   , 1), (2, 80, 10  , 10, 1     , 1), (7, 80,  0  ,  0, 0     , 1),
	(4, 81, 20  ,  0, 0     , 1), (6, 81,  0  ,  0, 0     , 1), (7, 81,  0  ,  0, 0     , 1),
	(3, 82,  0  ,  0, 0     , 1), (1, 82, 12  ,  4, 3     , 1), (2, 82,  0  ,  0, 0     , 1), (7, 82,  0  ,  0, 0     , 1),
	(3, 83,  0  ,  0, 0     , 1), (1, 83, 12  ,  4, 2.5   , 1), (2, 83,  0  ,  0, 0     , 1), (7, 83,  0  ,  0, 0     , 1),
	(3, 84,  0  ,  0, 0     , 1), (1, 84, 10  ,  4, 2     , 1), (2, 84,  0  ,  0, 0     , 1), (7, 84,  0  ,  0, 0     , 1),
	(3, 85,  0  ,  0, 0     , 1), (1, 85, 10  ,  0, 0     , 1), (2, 85,  0  ,  0, 0     , 1), (4, 85,  0  ,  0, 0     , 1), (7, 85,  0  ,  0, 0     , 1),
	(3, 86,  0  ,  0, 0     , 1), (1, 86, 24  ,  4, 6     , 1), (2, 86,  0  ,  0, 0     , 1), (7, 86,  0  ,  0, 0     , 1),
	(3, 87,  0  ,  0, 0     , 1), (1, 87, 18  ,  4, 4     , 1), (2, 87,  0  ,  0, 0     , 1), (7, 87,  0  ,  0, 0     , 1),
	(4, 88,  0  ,  0, 0     , 1), (5, 88,  6  ,  0, 0     , 1), (7, 88,  0  ,  0, 0     , 1),
	(4, 89,  9  ,  0, 0     , 1), (6, 89,  8  ,  0, 0     , 1), (7, 89,  0  ,  0, 0     , 1)
	;

INSERT INTO Intervention (idIntervenant, idTypeCours, idModule, nbSemainesIntervention, nbGroupe, commentaire, idAnnee) VALUES
	( 6, 3,  1, 14,  1   , '', 1),
	( 6, 1,  1, 14,  2   , '', 1),
	( 6, 2,  1, 14,  2   , '', 1),
	( 6, 7,  1,  0,  5   , '', 1),
	( 6, 7,  1,  0,  4   , '', 1),
	( 6, 7,  1,  0,  4   , '', 1),
	(10, 1,  1, 14,  1   , '', 1),
	(10, 7,  1,  0,  5   , '', 1),
	(10, 7,  1,  0,  4   , '', 1),
	(26, 2,  1, 14,  2   , '', 1),
	(26, 7,  1,  0,  2   , '', 1),
	(25, 2,  1, 14,  2   , '', 1),
	(25, 7,  1,  0,  2   , '', 1),
	(14, 1,  2, 13,  1   , '', 1),
	(14, 7,  2,  0,  4   , '', 1),
	(28, 1,  2, 13,  2   , '', 1),
	(28, 7,  2,  0,  4   , '', 1),
	( 3, 1,  3,  7,  1   , '', 1),
	( 3, 2,  3,  7,  2   , '', 1),
	( 3, 7,  3,  0,  1.5 , '', 1),
	(17, 1,  3,  7,  2   , '', 1),
	(17, 2,  3,  7,  4   , '', 1),
	(17, 7,  3,  0,  1.5 , '', 1),
	( 3, 1,  4,  7,  1   , '', 1),
	( 3, 2,  4,  7,  2   , '', 1),
	( 3, 7,  4,  0,  1.5 , '', 1),
	(14, 1,  4,  7,  2   , '', 1),
	(17, 2,  4,  7,  4   , '', 1),
	(17, 7,  4,  0,  1.5 , '', 1),
	(14, 1,  5, 14,  1   , '', 1),
	(24, 2,  5, 14,  2   , '', 1),
	(24, 7,  5,  0,  4   , '', 1),
	(14, 1,  5, 14,  1   , '', 1),
	( 5, 2,  5, 14,  2   , '', 1),
	( 5, 7,  5,  0,  3   , '', 1),
	(14, 1,  5, 14,  1   , '', 1),
	( 1, 2,  5, 14,  2   , '', 1),
	( 1, 7,  5,  0,  2   , '', 1),
	(14, 1,  6, 14,  2   , '', 1),
	(18, 7,  6,  0,  2   , '', 1),
	( 8, 1,  7, 14,  2   , '', 1),
	( 8, 7,  7,  0,  4   , '', 1),
	(18, 1,  7, 14,  1   , '', 1),
	(18, 7,  7,  0,  4   , '', 1),
	(11, 1,  8, 11,  3   , '', 1),
	(11, 7,  8,  0,  2   , '', 1),
	(11, 1,  8,  3,  1   , '', 1),
	(11, 7,  8,  0,  2   , '', 1),
	( 6, 1,  8,  3,  2   , '', 1),
	( 6, 7,  8,  0,  2   , '', 1),
	(11, 1,  9, 14,  3   , '', 1),
	(11, 7,  9,  0,  1.5 , '', 1),
	(20, 1, 10, 14,  2   , '', 1),
	(20, 2, 10, 14,  4   , '', 1),
	(20, 7, 10,  0,  6   , '', 1),
	(27, 1, 10, 14,  1   , '', 1),
	(27, 2, 10, 14,  2   , '', 1),
	(13, 1, 11, 14,  2   , '', 1),
	(13, 7, 11,  0,  2   , '', 1),
	( 9, 1, 11, 14,  1   , '', 1),
	( 9, 7, 11,  0,  2   , '', 1),
	(13, 2, 11, 15,  4   , '', 1),
	(13, 7, 11,  0,  2   , '', 1),
	( 9, 2, 11, 15,  2   , '', 1),
	( 6, 1, 19,  9,  2   , '', 1),
	(19, 1, 19,  9,  1   , '', 1),
	( 6, 3, 19, 10,  1   , '', 1),
	( 6, 1, 19, 10,  1   , '', 1),
	(26, 1, 19, 10,  1   , '', 1),
	(12, 1, 19, 10,  1   , '', 1),
	( 6, 1, 20, 13,  2   , '', 1),
	(28, 1, 20, 13,  1   , '', 1),
	(28, 7, 20,  0,  2   , '', 1),
	( 6, 7, 20,  0,  4   , '', 1),
	( 6, 1, 20,  5,  3   , '', 1),
	(10, 7, 20,  0,  2   , '', 1),
	( 6, 1, 21,  4,  1   , '', 1),
	( 6, 7, 21,  0,  5   , '', 1),
	(26, 1, 21,  4,  1   , '', 1),
	(26, 7, 21,  0,  5   , '', 1),
	(12, 1, 21,  4,  1   , '', 1),
	(10, 7, 21,  0,  5   , '', 1),
	(23, 1, 21,  4,  2   , '', 1),
	( 2, 1, 22,  6,  2   , '', 1),
	( 2, 2, 22,  6,  2   , '', 1),
	( 2, 7, 22,  0,  2   , '', 1),
	(17, 1, 22,  6,  1   , '', 1),
	(17, 2, 22,  6,  1   , '', 1),
	(17, 7, 22,  0,  2   , '', 1),
	( 2, 1, 23,  6,  1   , '', 1),
	( 2, 2, 23,  3,  1   , '', 1),
	( 2, 7, 23,  0,  2.5 , '', 1),
	(17, 1, 23,  6,  2   , '', 1),
	(17, 2, 23,  3,  2   , '', 1),
	(17, 7, 23,  0,  2.5 , '', 1),
	(24, 1, 24, 13,  1   , '', 1),
	(24, 7, 24,  0,  2   , '', 1),
	( 1, 1, 24, 13,  1   , '', 1),
	( 1, 7, 24,  0,  2   , '', 1),
	( 5, 1, 24, 13,  1   , '', 1),
	( 7, 1, 25,  9,  2   , '', 1),
	( 7, 7, 25,  0,  4   , '', 1),
	( 8, 1, 25,  9,  1   , '', 1),
	(18, 7, 25,  0,  4   , '', 1),
	(11, 1, 25,  9,  2   , '', 1),
	(11, 7, 26,  0,  2   , '', 1),
	( 7, 1, 26,  9,  1   , '', 1),
	( 7, 7, 26,  0,  2   , '', 1),
	( 8, 1, 27,  8,  2   , '', 1),
	( 8, 7, 27,  0,  2   , '', 1),
	(18, 7, 27,  0,  2   , '', 1),
	(15, 1, 28,  9,  3   , '', 1),
	(15, 7, 28,  0,  2   , '', 1),
	(15, 1, 28,  3,  3   , '', 1),
	(15, 1, 29,  9,  3   , '', 1),
	(15, 7, 29,  0,  2   , '', 1),
	(20, 1, 30, 14,  2   , '', 1),
	(20, 2, 30, 14,  4   , '', 1),
	(20, 7, 30,  0,  4   , '', 1),
	(27, 1, 30, 14,  1   , '', 1),
	(27, 2, 30, 14,  2   , '', 1),
	(13, 1, 31, 13,  2   , '', 1),
	(13, 2, 31, 13,  4   , '', 1),
	(13, 7, 31,  0,  4   , '', 1),
	( 9, 1, 31, 13,  1   , '', 1),
	( 9, 2, 31, 13,  2   , '', 1),
	(12, 1, 39, 13,  2   , '', 1),
	(12, 7, 39,  0,  1.5 , '', 1),
	(12, 1, 40, 13,  1   , '', 1),
	(12, 7, 40,  0,  1.5 , '', 1),
	(14, 1, 40, 13,  1   , '', 1),
	(14, 7, 40,  0,  1.5 , '', 1),
	(10, 1, 40, 12,  1   , '', 1),
	(10, 7, 40,  0,  2   , '', 1),
	( 6, 1, 40, 12,  1   , '', 1),
	( 6, 7, 40,  0,  2   , '', 1),
	(11, 3, 41,  8,  1   , '', 1),
	(11, 1, 41,  8,  1   , '', 1),
	(11, 7, 41,  0,  2   , '', 1),
	(14, 1, 41,  8,  1   , '', 1),
	(14, 7, 41,  0,  2   , '', 1),
	( 7, 1, 42, 13,  2   , '', 1),
	(17, 3, 43, 13,  1   , '', 1),
	(17, 1, 43, 13,  1   , '', 1),
	(17, 7, 43,  0,  2   , '', 1),
	( 1, 1, 43, 13,  1   , '', 1),
	( 1, 7, 43,  0,  2   , '', 1),
	( 4, 1, 44, 12,  2   , '', 1),
	( 4, 7, 44,  0,  2   , '', 1),
	(24, 1, 45, 12,  1   , '', 1),
	(24, 7, 45,  0,  3   , '', 1),
	( 5, 1, 45, 12,  2   , '', 1),
	( 5, 7, 45,  0,  3   , '', 1),
	(18, 7, 46,  0,  2.5 , '', 1),
	(18, 1, 46, 13,  2   , '', 1),
	( 8, 7, 46,  0,  2   , '', 1),
	(21, 1, 47, 13,  2   , '', 1),
	(21, 7, 47,  0,  3.57, '', 1),
	(11, 1, 48,  6,  1.5 , '', 1),
	(11, 7, 48,  0,  1   , '', 1),
	(26, 1, 48,  6,  1.5 , '', 1),
	(26, 7, 48,  0,  1   , '', 1),
	(21, 1, 48, 12,  3   , '', 1),
	(21, 7, 48,  0,  4   , '', 1),
	(11, 1, 49, 13,  2   , '', 1),
	(20, 1, 50, 13,  1   , '', 1),
	(20, 2, 50, 13,  2   , '', 1),
	(20, 7, 50,  0,  0.75, '', 1),
	(27, 1, 50, 13,  1   , '', 1),
	(27, 2, 50, 13,  2   , '', 1),
	(13, 7, 50,  0,  0.75, '', 1),
	(13, 1, 51, 13,  1   , '', 1),
	(13, 2, 51, 13,  1   , '', 1),
	(22, 7, 51,  0,  1   , '', 1),
	(22, 1, 51, 13,  1   , '', 1),
	(22, 2, 51, 13,  1   , '', 1),
	(16, 3, 54,  8,  1   , '', 1),
	(16, 1, 54,  8,  2   , '', 1),
	(16, 7, 54,  0,  3   , '', 1),
	(12, 7, 54,  0,  3   , '', 1),
	(21, 1, 55,  8,  2   , '', 1),
	( 1, 1, 56,  8,  1   , '', 1),
	( 1, 7, 56,  0,  3   , '', 1),
	( 5, 1, 56,  8,  1   , '', 1),
	( 5, 7, 56,  0,  3   , '', 1),
	( 1, 1, 57,  8,  1   , '', 1),
	( 1, 7, 57,  0,  2.25, '', 1),
	( 3, 1, 57,  8,  1   , '', 1),
	( 3, 7, 57,  0,  2.25, '', 1),
	(20, 1, 58,  8,  1   , '', 1),
	(20, 2, 58,  8,  2   , '', 1),
	(27, 1, 58,  8,  1   , '', 1),
	(27, 2, 58,  8,  2   , '', 1),
	(13, 1, 59,  9,  2   , '', 1),
	(13, 2, 59,  9,  4   , '', 1),
	(13, 7, 59,  0,  4   , '', 1),
	( 2, 1, 61,  8,  1   , '', 1),
	( 2, 7, 61,  0,  2.25, '', 1),
	(10, 1, 61,  8,  1   , '', 1),
	(10, 7, 61,  0,  2.25, '', 1),
	(15, 1, 62,  7,  2   , '', 1),
	(15, 7, 62,  0,  1.5 , '', 1),
	(12, 1, 63,  8,  2   , '', 1),
	(12, 7, 63,  0,  2   , '', 1),
	(16, 3, 64,  8,  1   , '', 1),
	(16, 1, 64,  8,  1   , '', 1),
	(16, 7, 64,  0,  2   , '', 1),
	( 2, 1, 64,  8,  1   , '', 1),
	( 2, 7, 64,  0,  2   , '', 1),
	(10, 1, 65,  7,  2   , '', 1),
	(10, 7, 65,  0,  1.5 , '', 1),
	(18, 7, 65,  0,  1.5 , '', 1),
	( 9, 1, 67,  8,  2   , '', 1),
	(13, 1, 69, 10,  1   , '', 1),
	( 9, 1, 69, 10,  1   , '', 1),
	(10, 1, 70,  9,  2   , '', 1),
	(10, 7, 70,  0,  3   , '', 1),
	(16, 1, 71,  4,  2   , '', 1),
	(14, 1, 71,  6,  2   , '', 1),
	(11, 1, 72,  7,  1   , '', 1),
	(10, 1, 72,  7,  1   , '', 1),
	(12, 1, 73,  9,  1   , '', 1),
	( 2, 1, 73,  9,  1   , '', 1),
	(21, 1, 74, 10,  2   , '', 1),
	(12, 1, 75, 10,  1   , '', 1),
	( 2, 1, 75, 10,  1   , '', 1),
	( 3, 1, 76, 10,  1   , '', 1),
	(12, 1, 76, 10,  1   , '', 1),
	( 3, 1, 77,  8,  1   , '', 1),
	( 1, 1, 77,  8,  1   , '', 1),
	(18, 1, 78, 10,  1   , '', 1),
	(12, 1, 78, 10,  1   , '', 1),
	(11, 1, 79, 10,  2   , '', 1),
	(20, 1, 80, 10,  1   , '', 1),
	(20, 2, 80, 10,  1   , '', 1),
	(27, 1, 80, 10,  1   , '', 1),
	(27, 2, 80, 10,  1   , '', 1),
	(15, 1, 83,  4,  2   , '', 1),
	(13, 1, 84,  4,  1   , '', 1),
	( 9, 1, 84,  4,  1   , '', 1),
	(14, 1, 86,  4,  2   , '', 1),
	(21, 1, 86,  4,  2   , '', 1),
	(21, 1, 87,  4,  2   , '', 1),
	( 6, 4, 13,  0,  3   , '', 1),
	( 6, 6, 13,  0,  3   , '', 1),
	(10, 4, 13,  0,  3   , '', 1),
	(10, 6, 13,  0,  3   , '', 1),
	(14, 4, 13,  0,  3   , '', 1),
	(14, 6, 13,  0,  3   , '', 1),
	( 6, 4, 14,  0,  3   , '', 1),
	( 6, 6, 14,  0,  3   , '', 1),
	(10, 4, 14,  0,  3   , '', 1),
	(10, 6, 14,  0,  3   , '', 1),
	(14, 4, 14,  0,  3   , '', 1),
	(14, 6, 14,  0,  3   , '', 1),
	( 3, 4, 15,  0,  4.5 , '', 1),
	( 3, 6, 15,  0,  4.5 , '', 1),
	(17, 4, 15,  0,  4.5 , '', 1),
	(17, 6, 15,  0,  4.5 , '', 1),
	(24, 4, 16,  0,  3   , '', 1),
	(24, 6, 16,  0,  3   , '', 1),
	( 5, 4, 16,  0,  3   , '', 1),
	( 5, 6, 16,  0,  3   , '', 1),
	( 1, 4, 16,  0,  3   , '', 1),
	( 1, 6, 16,  0,  3   , '', 1),
	(14, 4, 17,  0,  3   , '', 1),
	(14, 6, 17,  0,  3   , '', 1),
	(13, 4, 17,  0,  3   , '', 1),
	(13, 6, 17,  0,  3   , '', 1),
	(11, 4, 17,  0,  3   , '', 1),
	(11, 6, 17,  0,  3   , '', 1),
	(16, 4, 18,  0,  3   , '', 1),
	(16, 6, 18,  0,  3   , '', 1),
	( 2, 4, 18,  0,  3   , '', 1),
	( 2, 6, 18,  0,  3   , '', 1),
	(20, 4, 18,  0,  3   , '', 1),
	(20, 6, 18,  0,  3   , '', 1),
	(14, 4, 33,  0,  9   , '', 1),
	(14, 6, 33,  0,  6   , '', 1),
	(10, 4, 33,  0,  9   , '', 1),
	(10, 6,  3,  0,  6   , '', 1),
	(18, 4, 34,  0,  6   , '', 1),
	(18, 6, 34,  0,  4   , '', 1),
	(10, 4, 34,  0,  6   , '', 1),
	(10, 6, 34,  0,  4   , '', 1),
	( 2, 4, 35,  0,  6   , '', 1),
	( 2, 6, 35,  0,  4   , '', 1),
	( 4, 4, 35,  0,  6   , '', 1),
	( 4, 6, 35,  0,  4   , '', 1),
	(17, 4, 35,  0,  6   , '', 1),
	(17, 6, 35,  0,  4   , '', 1),
	( 1, 4, 36,  0,  6   , '', 1),
	( 1, 6, 36,  0,  4   , '', 1),
	(12, 4, 36,  0,  6   , '', 1),
	(12, 6, 36,  0,  4   , '', 1),
	( 5, 4, 36,  0,  6   , '', 1),
	( 5, 6, 36,  0,  4   , '', 1),
	( 6, 4, 37,  0,  9   , '', 1),
	( 6, 6, 37,  0,  6   , '', 1),
	(14, 4, 37,  0,  9   , '', 1),
	(14, 6, 37,  0,  6   , '', 1),
	(14, 4, 38,  0,  6   , '', 1),
	(14, 6, 38,  0,  4   , '', 1),
	(13, 4, 38,  0,  6   , '', 1),
	(13, 6, 38,  0,  4   , '', 1),
	(15, 4, 38,  0,  6   , '', 1),
	(15, 6, 38,  0,  4   , '', 1),
	( 6, 4, 53,  0, 10   , '', 1),
	( 6, 6, 53,  0, 14   , '', 1),
	(10, 4, 53,  0, 10   , '', 1),
	(10, 6, 53,  0, 14   , '', 1),
	(14, 4, 53,  0, 10   , '', 1),
	(14, 6, 53,  0, 14   , '', 1),
	(12, 6, 66, 66, 10.5 , '', 1),
	(16, 6, 66, 66, 10.5 , '', 1),
	( 7, 6, 66, 66, 10.5 , '', 1),
	( 4, 6, 66, 66, 10.5 , '', 1),
	(22, 1, 52,  5,  2   , '', 1),
	(22, 7, 32,  0, 11   , '', 1),
	(15, 7, 32,  0,  8   , '', 1),
	(14, 7, 32,  0,  8   , '', 1),
	( 7, 7, 32,  0,  3   , '', 1),
	(14, 7, 32,  0,  3   , '', 1),
	( 8, 7, 32,  0,  3   , '', 1),
	(17, 7, 32,  0,  3   , '', 1),
	(12, 7, 32,  0,  3   , '', 1),
	( 5, 7, 32,  0,  3   , '', 1),
	( 7, 7, 32,  0,  3   , '', 1),
	(16, 7, 32,  0,  3   , '', 1),
	(13, 7, 32,  0,  3   , '', 1),
	(15, 7, 32,  0,  3   , '', 1),
	(13, 7, 52,  0,  7   , '', 1),
	(13, 7, 60,  0,  6   , '', 1),
	( 1, 7, 60,  0,  1.5 , '', 1),
	(14, 7, 60,  0,  1.5 , '', 1),
	(12, 7, 60,  0,  1.5 , '', 1),
	( 2, 7, 60,  0,  1.5 , '', 1),
	(27, 7, 60,  0,  1.5 , '', 1),
	( 8, 7, 60,  0,  1.5 , '', 1),
	(16, 7, 60,  0,  1.5 , '', 1),
	(15, 7, 60,  0,  1.5 , '', 1),
	( 6, 7, 60,  0,  1.5 , '', 1),
	(10, 7, 60,  0,  1.5 , '', 1),
	(13, 7, 60,  0,  1.5 , '', 1),
	( 5, 7, 60,  0,  1.5 , '', 1),
	( 7, 7, 60,  0,  1.5 , '', 1),
	(17, 7, 60,  0,  1.5 , '', 1),
	( 1, 5, 88,  0,  6   , '', 1),
	(14, 5, 88,  0,  6   , '', 1),
	(12, 5, 88,  0,  6   , '', 1),
	( 2, 5, 88,  0,  6   , '', 1),
	(20, 5, 88,  0,  6   , '', 1),
	( 8, 5, 88,  0,  6   , '', 1),
	(16, 5, 88,  0,  6   , '', 1),
	(15, 5, 88,  0,  6   , '', 1),
	( 6, 5, 88,  0,  6   , '', 1),
	(10, 5, 88,  0,  6   , '', 1),
	(13, 5, 88,  0,  6   , '', 1),
	( 5, 5, 88,  0,  6   , '', 1),
	( 7, 5, 88,  0,  6   , '', 1),
	(17, 5, 88,  0,  6   , '', 1)
	;