/*
+ RCategorie    ( [idCategorie], nomCategorie, hMaxCategorie, hMinCategorie, idAnnee#)
+ RTypeCours    ( [idTypeCours], nomCours, coefficient, idAnnee#)
+ RHeureCours   ( [idModule#, idTypeCours#], heure, idAnnee#)
+ RModule       ( [idModule], nomModule, nbSemainesModule, idSemestre#, idAnnee#)
+ RIntervenant  ( [idIntervenant], prenom, nomIntervenant, email, hMinIntervenant, hMaxIntervenant, idCategorie#, idAnnee#)
- RIntervention ( [(idIntervenant#, idModule#), idTypeCours#], nbSemainesIntervention, nbGroupe, idAnnee#)
+ RSemestre     ( [idSemestre], nbGTD, nbGTP, nbGCM, nbGAutre, idAnnee#)
+ RAnnee        ( [idAnnee], annee)
*/
INSERT INTO Annee (idAnnee, annee) VALUES (1, '2023/2024');

INSERT INTO Semestre (idSemestre, nbGTD, nbGTP, nbGCM, nbGAutre, idAnnee) VALUES
	( 1, 4, 8, 1, 1, 1),
	( 2, 4, 8, 1, 1, 1),
	( 3, 2, 4, 1, 0, 1),
	( 4, 2, 4, 1, 0, 1),
	( 5, 2, 4, 1, 0, 1),
	( 6, 2, 4, 1, 0, 1);


INSERT INTO Categorie (idCategorie ,nomCategorie, hMaxCategorie, hMinCategorie, idAnnee) VALUES
	( 1, 'Titulaire'   , 384, 192, 1),
	( 2, 'Contractuel' , 384, 192, 1),
	( 3, 'Vacataire'   ,   0,   0, 1),
	( 4, 'Chercheur'   , 182, 172, 1)
	;

INSERT INTO Module (idModule, nomModule,nbSemainesModule,idAnnee,idSemestre) VALUES
	(  1, 'R1.01_Initiation au développement'                                 ,   14, 1, 1),
	(  2, 'R1.02_Développement interfaces Web'                                ,   13, 1, 1),
	(  3, 'R1.03_Introduction Architecture'                                   ,    7, 1, 1),
	(  4, 'R1.04_Introduction Système'                                        ,    7, 1, 1),
	(  5, 'R1.05_Introduction Base de données'                                ,   14, 1, 1),
	(  6, 'R1.06_Mathématiques discrètes'                                     ,   14, 1, 1),
	(  7, 'R1.07_Outils mathématiques fondamentaux'                           ,   14, 1, 1),
	(  8, 'R1.08_Gestion de projet et des organisations'                      ,   14, 1, 1),
	(  9, 'R1.09_Économie durable et numérique'                               ,   14, 1, 1),
	( 10, 'R1.10_Anglais Technique'                                           ,   14, 1, 1),
	( 11, 'R1.11_Bases de la communication'                                   ,   15, 1, 1),
	( 12, 'R1.12_Projet Professionnel et Personnel'                           , null, 1, 1),
	( 13, 'R2.01_Développement orienté objets'                                ,   10, 1, 2),
	( 14, 'R2.02_Développement d applications avec IHM'                       ,   13, 1, 2),
	( 15, 'R2.03_Qualité de développement'                                    ,    4, 1, 2),
	( 16, 'R2.04_Communication et fonctionnement bas niveau'                  ,    6, 1, 2),
	( 17, 'R2.05_Introduction aux services réseaux'                           ,    3, 1, 2),
	( 18, 'R2.06_Exploitation d une base de données'                          ,   13, 1, 2),
	( 19, 'R2.07_Graphes'                                                     ,    9, 1, 2),
	( 20, 'R2.08_Outils numériques pour les statistiques'                     ,    9, 1, 2),
	( 21, 'R2.09_Méthodes Numériques'                                         ,    8, 1, 2),
	( 22, 'R2.10_Gestion de projet et des organisations'                      ,   13, 1, 2),
	( 23, 'R2.11_Droit'                                                       ,    9, 1, 2),
	( 24, 'R2.12_Anglais d entreprise'                                        ,   14, 1, 2),
	( 25, 'R2.13_Communication Technique'                                     ,   13, 1, 2),
	( 26, 'R2.14_Projet Professionnel et Personnel'                           , null, 1, 2),
	( 27, 'R3.01_Développement WEB'                                           ,   13, 1, 3),
	( 28, 'R3.02_Développement Efficace'                                      ,   13, 1, 3),
	( 29, 'R3.03_Analyse'                                                     ,    8, 1, 3),
	( 30, 'R3.04_Qualité de développement 3'                                  ,   13, 1, 3),
	( 31, 'R3.05_Programmation Système'                                       ,   13, 1, 3),
	( 32, 'R3.06_Architecture des réseaux'                                    ,   12, 1, 3),
	( 33, 'R3.07_SQL dans un langage de programmation'                        ,   12, 1, 3),
	( 34, 'R3.08_Probabilités'                                                ,   13, 1, 3),
	( 35, 'R3.09_Cryptographie et sécurité'                                   ,   13, 1, 3),
	( 36, 'R3.10_Management des systèmes d information'                       ,   12, 1, 3),
	( 37, 'R3.11_Droits des contrats et du numérique'                         ,   13, 1, 3),
	( 38, 'R3.12_Anglais 3'                                                   ,   13, 1, 3),
	( 39, 'R3.13_Communication professionnelle'                               ,   13, 1, 3),
	( 40, 'R3.14_PPP 3'                                                       ,    5, 1, 3),
	( 41, 'P3.01_Portfolio'                                                   , null, 1, 3),
	( 42, 'R4.01_Architecture logicielle'                                     ,    8, 1, 4),
	( 43, 'R4.02_Qualité de développement 4'                                  ,    8, 1, 4),
	( 44, 'R4.03_Qualité et au delà du relationnel'                           ,    8, 1, 4),
	( 45, 'R4.04_Méthodes d optimisation'                                     ,    8, 1, 4),
	( 46, 'R4.05_Anglais 4'                                                   ,    8, 1, 4),
	( 47, 'R4.06_Communication interne'                                       ,    9, 1, 4),
	( 48, 'R4.07_PPP 4'                                                       , null, 1, 4),
	( 49, 'R4.08_Virtualisation'                                              ,    8, 1, 4),
	( 50, 'R4.09_Management avancé des Systèmesd information'                 ,    7, 1, 4),
	( 51, 'R4.10_Complément web'                                              ,    8, 1, 4),
	( 52, 'R4.11_Développement mobile'                                        ,    8, 1, 4),
	( 53, 'R4.12_Automates'                                                   ,    7, 1, 4),
	( 54, 'S4.ST_Stages'                                                      , null, 1, 4),
	( 55, 'P1.02_Portfolio'                                                   , null, 1, 4),
	( 56, 'R5.01_Initiation au management d une équipe de projet informatique',    8, 1, 5),
	( 57, 'R5.02_Projet Personnel et Professionnel'                           , null, 1, 5),
	( 58, 'R5.03_Politique de communication'                                  ,   10, 1, 5),
	( 59, 'R5.04_Qualité algorithmique'                                       ,    9, 1, 5),
	( 60, 'R5.05_Programmation avancée'                                       ,   10, 1, 5),
	( 61, 'R5.06_Programmation multimédia'                                    ,    7, 1, 5),
	( 62, 'R5.07_Automatisation de la chaîne de production'                   ,    9, 1, 5),
	( 63, 'R5.08_Qualité de développement'                                    ,   10, 1, 5),
	( 64, 'R5.09_Virtualisation avancée'                                      ,   10, 1, 5),
	( 65, 'R5.10_Nouveaux paradigmes de base de données'                      ,   10, 1, 5),
	( 66, 'R5.11_Méthodes d optimisation pour l aide à la décision'           ,   10, 1, 5),
	( 67, 'R5.12_Modélisations mathématiques'                                 ,   10, 1, 5),
	( 68, 'R5.13_Économie durable et numérique'                               ,   10, 1, 5),
	( 69, 'R5.14_Anglais'                                                     ,   10, 1, 5),
	( 70, 'R6.01_Initiation à l entrepreneuriat'                              ,    4, 1, 6),
	( 71, 'R6.02_Droit du numérique et de la propriété intellectuelle'        ,    4, 1, 6),
	( 72, 'R6.03_Communication : organisation et diffusion de l information'  ,    4, 1, 6),
	( 73, 'R6.04_Projet Personnel et Professionnel'                           , null, 1, 6),
	( 74, 'R6.05_Développement avancé'                                        ,    4, 1, 6),
	( 75, 'R6.06_Maintenance applicative'                                     ,    4, 1, 6),
	( 76, 'R6.01_Stage'                                                       , null, 1, 6)
	;

INSERT INTO TypeCours (idTypeCours ,nomCours, coefficient) VALUES
	( 1, 'Travaux dirigés'  , 1),
	( 2, 'Travaux pratiques', 1),
	( 3, 'Cours magistrales', 1),
	( 4, 'Autres'           , 1)
	;

INSERT INTO HeureCours (idModule,idTypeCours,heure) VALUES
	( 1, 3, 6), ( 1, 1, 65), ( 1, 2, 28),
	( 2, 3, 0), ( 2, 1, 30), ( 2, 2,  0),
	( 3, 3, 0), ( 3, 1, 15), ( 3, 2,  7),
	( 4, 3, 0), ( 4, 1, 15), ( 4, 2,  7),
	( 5, 3, 0), ( 5, 1, 31), ( 5, 2, 14),
	( 6, 3, 0), ( 6, 1, 38), ( 6, 2,  0),
	( 7, 3, 0), ( 7, 1, 24), ( 7, 2,  0),
	( 8, 3, 6), ( 8, 1, 23), ( 8, 2,  0),
	( 9, 3, 0), ( 9, 1, 22), ( 9, 2,  0),
	(10, 3, 0), (10, 1, 16), (10, 2, 14),
	(11, 3, 0), (11, 1, 17), (11, 2, 15),
	(12, 3, 0), (12, 1,  7), (12, 2,  7),
	(13, 3, 4), (13, 1, 62), (13, 2,  0),
	(14, 3, 0), (14, 1, 51), (14, 2,  0),
	(15, 3, 0), (15, 1, 25), (15, 2,  0),
	(16, 3, 0), (16, 1, 10), (16, 2, 12),
	(17, 3, 0), (17, 1,  2), (17, 2,  6),
	(18, 3, 0), (18, 1, 34), (18, 2,  0),
	(19, 3, 0), (19, 1, 31), (19, 2,  0),
	(20, 3, 0), (20, 1, 15), (20, 2,  0),
	(21, 3, 0), (21, 1, 42), (21, 2,  0),
	(22, 3, 0), (22, 1, 38), (22, 2,  0),
	(23, 3, 0), (23, 1, 15), (23, 2,  0),
	(24, 3, 0), (24, 1, 14), (24, 2, 14),
	(25, 3, 0), (25, 1, 21), (25, 2, 13),
	(26, 3, 0), (26, 1,  8), (26, 2,  8),
	(27, 3, 0), (27, 1, 34), (27, 2,  0),
	(28, 3, 0), (28, 1, 41), (28, 2,  0),
	(29, 3, 2), (29, 1, 10), (29, 2,  0),
	(30, 3, 0), (30, 1, 42), (30, 2,  0),
	(31, 3, 7), (31, 1, 21), (31, 2,  0),
	(32, 3, 0), (32, 1, 19), (32, 2,  0),
	(33, 3, 3), (33, 1, 32), (33, 2,  0),
	(34, 3, 0), (34, 1, 34), (34, 2,  0),
	(35, 3, 0), (35, 1, 22), (35, 2,  0),
	(36, 3, 0), (36, 1, 32), (36, 2,  0),
	(37, 3, 7), (37, 1, 17), (37, 2,  0),
	(38, 3, 0), (38, 1, 20), (38, 2, 13),
	(39, 3, 0), (39, 1, 20), (39, 2, 13),
	(40, 3, 0), (40, 1, 16), (40, 2,  0),
	(41, 3, 0), (41, 1,  0), (41, 2,  0),
	(42, 3, 7), (42, 1, 29), (42, 2,  0),
	(43, 3, 0), (43, 1, 18), (43, 2,  0),
	(44, 3, 0), (44, 1, 20), (44, 2,  0),
	(45, 3, 0), (45, 1, 15), (45, 2,  0),
	(46, 3, 0), (46, 1,  9), (46, 2,  9),
	(47, 3, 0), (47, 1, 11), (47, 2,  9),
	(48, 3, 0), (48, 1, 10), (48, 2,  0),
	(49, 3, 0), (49, 1, 24), (49, 2,  0),
	(50, 3, 9), (50, 1, 11), (50, 2,  0),
	(51, 3, 5), (51, 1, 20), (51, 2,  0),
	(52, 3, 8), (52, 1, 22), (52, 2,  0),
	(53, 3, 0), (53, 1, 15), (53, 2,  0),
	(54, 3, 0), (54, 1,  0), (54, 2,  0),
	(55, 3, 0), (55, 1,  0), (55, 2,  0),
	(56, 3, 0), (56, 1, 13), (56, 2,  0),
	(57, 3, 0), (57, 1, 10), (57, 2,  0),
	(58, 3, 0), (58, 1, 15), (58, 2, 15),
	(59, 3, 0), (59, 1, 15), (59, 2,  0),
	(60, 3, 0), (60, 1, 36), (60, 2,  0),
	(61, 3, 0), (61, 1, 15), (61, 2,  0),
	(62, 3, 0), (62, 1, 15), (62, 2,  0),
	(63, 3, 0), (63, 1, 22), (63, 2,  0),
	(64, 3, 0), (64, 1, 20), (64, 2,  0),
	(65, 3, 0), (65, 1, 35), (65, 2,  0),
	(66, 3, 0), (66, 1, 12), (66, 2,  0),
	(67, 3, 0), (67, 1, 35), (67, 2,  0),
	(68, 3, 0), (68, 1, 15), (68, 2,  0),
	(69, 3, 0), (69, 1, 15), (69, 2, 10),
	(70, 3, 0), (70, 1, 12), (70, 2,  0),
	(71, 3, 0), (71, 1, 12), (71, 2,  0),
	(72, 3, 0), (72, 1, 10), (72, 2,  0),
	(73, 3, 0), (73, 1, 10), (73, 2,  0),
	(74, 3, 0), (74, 1, 24), (74, 2,  0),
	(75, 3, 0), (75, 1, 18), (75, 2,  0),
	(76, 3, 0), (76, 1,  0), (76, 2,  0)
	;


INSERT INTO Intervenant (idIntervenant ,prenom, nom, email, hMinIntervenant, hMaxIntervenant, idAnnee,  idCategorie) VALUES
	(  1, 'Philippe', 'Lepivert'  , 'philippe.le-pivert@univ-lehavre.fr', 0, 0, 1, 1),
	(  2, 'Hadhoum' , 'boukachour', 'hadhoum.boukachour@univ-lehavre.fr', 0, 0, 1, 1),
	(  3, 'Frédéric', 'Serin'     , 'frederic.serin@univ-lehavre.fr'    , 0, 0, 1, 1),
	(  4, 'Hugues'  , 'Duflo'     , 'hugues.duflo@univ-lehavre.fr'      , 0, 0, 1, 1),
	(  5, 'Jaouad'  , 'boukachour', 'jaouad.boukachour@univ-lehavre.fr' , 0, 0, 1, 1),
	(  6, 'Laurence', 'Nivet'     , 'laurence.nivet@univ-lehavre.fr'    , 0, 0, 1, 1),
	(  7, 'Quentin' , 'Griette'   , 'quentin.griette@univ-lehavre.fr'   , 0, 0, 1, 1),
	(  8, 'Quentin' , 'Laffeach'  , 'quentin.laffeach@univ-lehavre.fr'  , 0, 0, 1, 1),
	(  9, 'Rodolphe', 'Charrier'  , 'Rodolphe.Charrier@univ-lehavre.fr' , 0, 0, 1, 1),
	( 10, 'Bruno'   , 'Legrix'    , 'bruno.legrix@univ-lehavre.fr'      , 0, 0, 1, 1)
	;

INSERT INTO Intervention (idIntervenant, idModule, idTypeCours, nbSemainesIntervention, nbGroupe, idAnnee) VALUES
	(1, 1, 1, 13, 2, 1),
	(1, 1, 2, 13, 4, 1),
	(1, 1, 3,  4, 1, 1)
	;